clip,group,verdict,description,clip_path,montage
VID-20250924-WA0017_clip_023.mp4,panic_ambiguous,not_panic,MIXED: news-anchor DESK interview (no crowd) + post-crush aftermath; desk clips = not panic,/Users/harinihegde/Downloads/crowd_panic/Panic/VID-20250924-WA0017_clip_023.mp4,outputs_improved/panic_subfolders/panic_ambiguous/VID-20250924-WA0017.png
VID-20250924-WA0017_clip_026.mp4,panic_ambiguous,not_panic,MIXED: news-anchor DESK interview (no crowd) + post-crush aftermath; desk clips = not panic,/Users/harinihegde/Downloads/crowd_panic/Panic/VID-20250924-WA0017_clip_026.mp4,outputs_improved/panic_subfolders/panic_ambiguous/VID-20250924-WA0017.png
VID-20250924-WA0017_clip_029.mp4,panic_ambiguous,not_panic,MIXED: news-anchor DESK interview (no crowd) + post-crush aftermath; desk clips = not panic,/Users/harinihegde/Downloads/crowd_panic/Panic/VID-20250924-WA0017_clip_029.mp4,outputs_improved/panic_subfolders/panic_ambiguous/VID-20250924-WA0017.png
VID-20251025-WA0003_clip_003.mp4,panic_dense_crush,not_panic,Doha News OUTRO CARD (logo/like-comment-share) - no people,/Users/harinihegde/Downloads/crowd_panic/Panic/VID-20251025-WA0003_clip_003.mp4,outputs_improved/panic_subfolders/panic_dense_crush/VID-20251025-WA0003.png
VID-20250923-WA0016_clip_001.mp4,panic_dense_crush,unsure,"4am Mumbai packed night street, police, heavy motion blur (dense/urgent, crush-vs-crowded unclear)",/Users/harinihegde/Downloads/crowd_panic/Panic/VID-20250923-WA0016_clip_001.mp4,outputs_improved/panic_subfolders/panic_dense_crush/VID-20250923-WA0016.png
VID-20250923-WA0023_clip_001.mp4,panic_dense_crush,unsure,"Lalbaug ""police security"": extreme dense temple surge, managed (crush-level density, orderly)",/Users/harinihegde/Downloads/crowd_panic/Panic/VID-20250923-WA0023_clip_001.mp4,outputs_improved/panic_subfolders/panic_dense_crush/VID-20250923-WA0023.png
VID-20250923-WA0023_clip_002.mp4,panic_dense_crush,unsure,"Lalbaug ""police security"": extreme dense temple surge, managed (crush-level density, orderly)",/Users/harinihegde/Downloads/crowd_panic/Panic/VID-20250923-WA0023_clip_002.mp4,outputs_improved/panic_subfolders/panic_dense_crush/VID-20250923-WA0023.png
VID-20250923-WA0023_clip_003.mp4,panic_dense_crush,unsure,"Lalbaug ""police security"": extreme dense temple surge, managed (crush-level density, orderly)",/Users/harinihegde/Downloads/crowd_panic/Panic/VID-20250923-WA0023_clip_003.mp4,outputs_improved/panic_subfolders/panic_dense_crush/VID-20250923-WA0023.png
VID-20250923-WA0023_clip_004.mp4,panic_dense_crush,unsure,"Lalbaug ""police security"": extreme dense temple surge, managed (crush-level density, orderly)",/Users/harinihegde/Downloads/crowd_panic/Panic/VID-20250923-WA0023_clip_004.mp4,outputs_improved/panic_subfolders/panic_dense_crush/VID-20250923-WA0023.png
VID-20250923-WA0023_clip_005.mp4,panic_dense_crush,unsure,"Lalbaug ""police security"": extreme dense temple surge, managed (crush-level density, orderly)",/Users/harinihegde/Downloads/crowd_panic/Panic/VID-20250923-WA0023_clip_005.mp4,outputs_improved/panic_subfolders/panic_dense_crush/VID-20250923-WA0023.png
VID-20250923-WA0023_clip_006.mp4,panic_dense_crush,unsure,"Lalbaug ""police security"": extreme dense temple surge, managed (crush-level density, orderly)",/Users/harinihegde/Downloads/crowd_panic/Panic/VID-20250923-WA0023_clip_006.mp4,outputs_improved/panic_subfolders/panic_dense_crush/VID-20250923-WA0023.png
VID-20250923-WA0023_clip_007.mp4,panic_dense_crush,unsure,"Lalbaug ""police security"": extreme dense temple surge, managed (crush-level density, orderly)",/Users/harinihegde/Downloads/crowd_panic/Panic/VID-20250923-WA0023_clip_007.mp4,outputs_improved/panic_subfolders/panic_dense_crush/VID-20250923-WA0023.png
VID-20250923-WA0023_clip_008.mp4,panic_dense_crush,unsure,"Lalbaug ""police security"": extreme dense temple surge, managed (crush-level density, orderly)",/Users/harinihegde/Downloads/crowd_panic/Panic/VID-20250923-WA0023_clip_008.mp4,outputs_improved/panic_subfolders/panic_dense_crush/VID-20250923-WA0023.png
VID-20250923-WA0023_clip_009.mp4,panic_dense_crush,unsure,"Lalbaug ""police security"": extreme dense temple surge, managed (crush-level density, orderly)",/Users/harinihegde/Downloads/crowd_panic/Panic/VID-20250923-WA0023_clip_009.mp4,outputs_improved/panic_subfolders/panic_dense_crush/VID-20250923-WA0023.png
VID-20250923-WA0023_clip_010.mp4,panic_dense_crush,unsure,"Lalbaug ""police security"": extreme dense temple surge, managed (crush-level density, orderly)",/Users/harinihegde/Downloads/crowd_panic/Panic/VID-20250923-WA0023_clip_010.mp4,outputs_improved/panic_subfolders/panic_dense_crush/VID-20250923-WA0023.png
VID-20250923-WA0023_clip_011.mp4,panic_dense_crush,unsure,"Lalbaug ""police security"": extreme dense temple surge, managed (crush-level density, orderly)",/Users/harinihegde/Downloads/crowd_panic/Panic/VID-20250923-WA0023_clip_011.mp4,outputs_improved/panic_subfolders/panic_dense_crush/VID-20250923-WA0023.png
VID-20250923-WA0023_clip_012.mp4,panic_dense_crush,unsure,"Lalbaug ""police security"": extreme dense temple surge, managed (crush-level density, orderly)",/Users/harinihegde/Downloads/crowd_panic/Panic/VID-20250923-WA0023_clip_012.mp4,outputs_improved/panic_subfolders/panic_dense_crush/VID-20250923-WA0023.png
VID-20250923-WA0023_clip_013.mp4,panic_dense_crush,unsure,"Lalbaug ""police security"": extreme dense temple surge, managed (crush-level density, orderly)",/Users/harinihegde/Downloads/crowd_panic/Panic/VID-20250923-WA0023_clip_013.mp4,outputs_improved/panic_subfolders/panic_dense_crush/VID-20250923-WA0023.png
VID-20250923-WA0023_clip_014.mp4,panic_dense_crush,unsure,"Lalbaug ""police security"": extreme dense temple surge, managed (crush-level density, orderly)",/Users/harinihegde/Downloads/crowd_panic/Panic/VID-20250923-WA0023_clip_014.mp4,outputs_improved/panic_subfolders/panic_dense_crush/VID-20250923-WA0023.png
VID-20250923-WA0023_clip_015.mp4,panic_dense_crush,unsure,"Lalbaug ""police security"": extreme dense temple surge, managed (crush-level density, orderly)",/Users/harinihegde/Downloads/crowd_panic/Panic/VID-20250923-WA0023_clip_015.mp4,outputs_improved/panic_subfolders/panic_dense_crush/VID-20250923-WA0023.png
VID-20250923-WA0023_clip_016.mp4,panic_dense_crush,unsure,"Lalbaug ""police security"": extreme dense temple surge, managed (crush-level density, orderly)",/Users/harinihegde/Downloads/crowd_panic/Panic/VID-20250923-WA0023_clip_016.mp4,outputs_improved/panic_subfolders/panic_dense_crush/VID-20250923-WA0023.png
VID-20250923-WA0023_clip_017.mp4,panic_dense_crush,unsure,"Lalbaug ""police security"": extreme dense temple surge, managed (crush-level density, orderly)",/Users/harinihegde/Downloads/crowd_panic/Panic/VID-20250923-WA0023_clip_017.mp4,outputs_improved/panic_subfolders/panic_dense_crush/VID-20250923-WA0023.png
VID-20250923-WA0023_clip_018.mp4,panic_dense_crush,unsure,"Lalbaug ""police security"": extreme dense temple surge, managed (crush-level density, orderly)",/Users/harinihegde/Downloads/crowd_panic/Panic/VID-20250923-WA0023_clip_018.mp4,outputs_improved/panic_subfolders/panic_dense_crush/VID-20250923-WA0023.png
VID-20250924-WA0016_clip_001.mp4,panic_flight_sparse,unsure,"Sparse high-motion street (flight-like; density low, verify vs brisk walk)",/Users/harinihegde/Downloads/crowd_panic/Panic/VID-20250924-WA0016_clip_001.mp4,outputs_improved/panic_subfolders/panic_flight_sparse/VID-20250924-WA0016.png
VID-20250924-WA0016_clip_005.mp4,panic_flight_sparse,unsure,"Sparse high-motion street (flight-like; density low, verify vs brisk walk)",/Users/harinihegde/Downloads/crowd_panic/Panic/VID-20250924-WA0016_clip_005.mp4,outputs_improved/panic_subfolders/panic_flight_sparse/VID-20250924-WA0016.png
VID-20250924-WA0016_clip_009.mp4,panic_flight_sparse,unsure,"Sparse high-motion street (flight-like; density low, verify vs brisk walk)",/Users/harinihegde/Downloads/crowd_panic/Panic/VID-20250924-WA0016_clip_009.mp4,outputs_improved/panic_subfolders/panic_flight_sparse/VID-20250924-WA0016.png
VID-20250924-WA0016_clip_013.mp4,panic_flight_sparse,unsure,"Sparse high-motion street (flight-like; density low, verify vs brisk walk)",/Users/harinihegde/Downloads/crowd_panic/Panic/VID-20250924-WA0016_clip_013.mp4,outputs_improved/panic_subfolders/panic_flight_sparse/VID-20250924-WA0016.png
VID-20250924-WA0016_clip_014.mp4,panic_flight_sparse,unsure,"Sparse high-motion street (flight-like; density low, verify vs brisk walk)",/Users/harinihegde/Downloads/crowd_panic/Panic/VID-20250924-WA0016_clip_014.mp4,outputs_improved/panic_subfolders/panic_flight_sparse/VID-20250924-WA0016.png
VID-20250924-WA0016_clip_019.mp4,panic_flight_sparse,unsure,"Sparse high-motion street (flight-like; density low, verify vs brisk walk)",/Users/harinihegde/Downloads/crowd_panic/Panic/VID-20250924-WA0016_clip_019.mp4,outputs_improved/panic_subfolders/panic_flight_sparse/VID-20250924-WA0016.png
VID-20250924-WA0017_clip_021.mp4,panic_flight_sparse,unsure,MARTA/plaza sparse motion (flight-like; mixed w/ news),/Users/harinihegde/Downloads/crowd_panic/Panic/VID-20250924-WA0017_clip_021.mp4,outputs_improved/panic_subfolders/panic_flight_sparse/VID-20250924-WA0017.png
VID-20250924-WA0017_clip_027.mp4,panic_flight_sparse,unsure,MARTA/plaza sparse motion (flight-like; mixed w/ news),/Users/harinihegde/Downloads/crowd_panic/Panic/VID-20250924-WA0017_clip_027.mp4,outputs_improved/panic_subfolders/panic_flight_sparse/VID-20250924-WA0017.png
VID-20250924-WA0021_clip_004.mp4,panic_flight_sparse,unsure,Sparse high-motion (flight-like; low density),/Users/harinihegde/Downloads/crowd_panic/Panic/VID-20250924-WA0021_clip_004.mp4,outputs_improved/panic_subfolders/panic_flight_sparse/VID-20250924-WA0021.png
VID-20250924-WA0021_clip_005.mp4,panic_flight_sparse,unsure,Sparse high-motion (flight-like; low density),/Users/harinihegde/Downloads/crowd_panic/Panic/VID-20250924-WA0021_clip_005.mp4,outputs_improved/panic_subfolders/panic_flight_sparse/VID-20250924-WA0021.png
VID-20250924-WA0021_clip_006.mp4,panic_flight_sparse,unsure,Sparse high-motion (flight-like; low density),/Users/harinihegde/Downloads/crowd_panic/Panic/VID-20250924-WA0021_clip_006.mp4,outputs_improved/panic_subfolders/panic_flight_sparse/VID-20250924-WA0021.png
VID-20251025-WA0003_clip_001.mp4,panic_flight_sparse,unsure,Sparse motion clip (flight-like; low density),/Users/harinihegde/Downloads/crowd_panic/Panic/VID-20251025-WA0003_clip_001.mp4,outputs_improved/panic_subfolders/panic_flight_sparse/VID-20251025-WA0003.png
VID-20251025-WA0003_clip_002.mp4,panic_flight_sparse,unsure,Sparse motion clip (flight-like; low density),/Users/harinihegde/Downloads/crowd_panic/Panic/VID-20251025-WA0003_clip_002.mp4,outputs_improved/panic_subfolders/panic_flight_sparse/VID-20251025-WA0003.png
VID-20250924-WA0021_clip_010.mp4,panic_static_wide_undercounted,unsure,"Distant/aerial crowd, low-res; undercounted (dense-vs-sparse unclear at this res)",/Users/harinihegde/Downloads/crowd_panic/Panic/VID-20250924-WA0021_clip_010.mp4,outputs_improved/panic_subfolders/panic_static_wide_undercounted/VID-20250924-WA0021.png
VID-20250924-WA0021_clip_016.mp4,panic_static_wide_undercounted,unsure,"Distant/aerial crowd, low-res; undercounted (dense-vs-sparse unclear at this res)",/Users/harinihegde/Downloads/crowd_panic/Panic/VID-20250924-WA0021_clip_016.mp4,outputs_improved/panic_subfolders/panic_static_wide_undercounted/VID-20250924-WA0021.png
VID-20250924-WA0021_clip_017.mp4,panic_static_wide_undercounted,unsure,"Distant/aerial crowd, low-res; undercounted (dense-vs-sparse unclear at this res)",/Users/harinihegde/Downloads/crowd_panic/Panic/VID-20250924-WA0021_clip_017.mp4,outputs_improved/panic_subfolders/panic_static_wide_undercounted/VID-20250924-WA0021.png
VID-20250924-WA0021_clip_018.mp4,panic_static_wide_undercounted,unsure,"Distant/aerial crowd, low-res; undercounted (dense-vs-sparse unclear at this res)",/Users/harinihegde/Downloads/crowd_panic/Panic/VID-20250924-WA0021_clip_018.mp4,outputs_improved/panic_subfolders/panic_static_wide_undercounted/VID-20250924-WA0021.png
VID-20250924-WA0021_clip_019.mp4,panic_static_wide_undercounted,unsure,"Distant/aerial crowd, low-res; undercounted (dense-vs-sparse unclear at this res)",/Users/harinihegde/Downloads/crowd_panic/Panic/VID-20250924-WA0021_clip_019.mp4,outputs_improved/panic_subfolders/panic_static_wide_undercounted/VID-20250924-WA0021.png
VID-20250924-WA0021_clip_020.mp4,panic_static_wide_undercounted,unsure,"Distant/aerial crowd, low-res; undercounted (dense-vs-sparse unclear at this res)",/Users/harinihegde/Downloads/crowd_panic/Panic/VID-20250924-WA0021_clip_020.mp4,outputs_improved/panic_subfolders/panic_static_wide_undercounted/VID-20250924-WA0021.png
VID-20250924-WA0021_clip_025.mp4,panic_static_wide_undercounted,unsure,"Distant/aerial crowd, low-res; undercounted (dense-vs-sparse unclear at this res)",/Users/harinihegde/Downloads/crowd_panic/Panic/VID-20250924-WA0021_clip_025.mp4,outputs_improved/panic_subfolders/panic_static_wide_undercounted/VID-20250924-WA0021.png
VID-20250924-WA0021_clip_029.mp4,panic_static_wide_undercounted,unsure,"Distant/aerial crowd, low-res; undercounted (dense-vs-sparse unclear at this res)",/Users/harinihegde/Downloads/crowd_panic/Panic/VID-20250924-WA0021_clip_029.mp4,outputs_improved/panic_subfolders/panic_static_wide_undercounted/VID-20250924-WA0021.png
VID-20250924-WA0021_clip_032.mp4,panic_static_wide_undercounted,unsure,"Distant/aerial crowd, low-res; undercounted (dense-vs-sparse unclear at this res)",/Users/harinihegde/Downloads/crowd_panic/Panic/VID-20250924-WA0021_clip_032.mp4,outputs_improved/panic_subfolders/panic_static_wide_undercounted/VID-20250924-WA0021.png
VID-20250924-WA0021_clip_034.mp4,panic_static_wide_undercounted,unsure,"Distant/aerial crowd, low-res; undercounted (dense-vs-sparse unclear at this res)",/Users/harinihegde/Downloads/crowd_panic/Panic/VID-20250924-WA0021_clip_034.mp4,outputs_improved/panic_subfolders/panic_static_wide_undercounted/VID-20250924-WA0021.png
VID-20250924-WA0021_clip_035.mp4,panic_static_wide_undercounted,unsure,"Distant/aerial crowd, low-res; undercounted (dense-vs-sparse unclear at this res)",/Users/harinihegde/Downloads/crowd_panic/Panic/VID-20250924-WA0021_clip_035.mp4,outputs_improved/panic_subfolders/panic_static_wide_undercounted/VID-20250924-WA0021.png
VID-20250924-WA0021_clip_040.mp4,panic_static_wide_undercounted,unsure,"Distant/aerial crowd, low-res; undercounted (dense-vs-sparse unclear at this res)",/Users/harinihegde/Downloads/crowd_panic/Panic/VID-20250924-WA0021_clip_040.mp4,outputs_improved/panic_subfolders/panic_static_wide_undercounted/VID-20250924-WA0021.png
VID-20250924-WA0021_clip_041.mp4,panic_static_wide_undercounted,unsure,"Distant/aerial crowd, low-res; undercounted (dense-vs-sparse unclear at this res)",/Users/harinihegde/Downloads/crowd_panic/Panic/VID-20250924-WA0021_clip_041.mp4,outputs_improved/panic_subfolders/panic_static_wide_undercounted/VID-20250924-WA0021.png
VID-20250924-WA0022_clip_007.mp4,panic_static_wide_undercounted,unsure,"Times Square daytime aerial: distant crowd, YOLO undercounts; some near-empty frames (false-positive risk)",/Users/harinihegde/Downloads/crowd_panic/Panic/VID-20250924-WA0022_clip_007.mp4,outputs_improved/panic_subfolders/panic_static_wide_undercounted/VID-20250924-WA0022.png
VID-20250924-WA0022_clip_008.mp4,panic_static_wide_undercounted,unsure,"Times Square daytime aerial: distant crowd, YOLO undercounts; some near-empty frames (false-positive risk)",/Users/harinihegde/Downloads/crowd_panic/Panic/VID-20250924-WA0022_clip_008.mp4,outputs_improved/panic_subfolders/panic_static_wide_undercounted/VID-20250924-WA0022.png
VID-20250924-WA0022_clip_009.mp4,panic_static_wide_undercounted,unsure,"Times Square daytime aerial: distant crowd, YOLO undercounts; some near-empty frames (false-positive risk)",/Users/harinihegde/Downloads/crowd_panic/Panic/VID-20250924-WA0022_clip_009.mp4,outputs_improved/panic_subfolders/panic_static_wide_undercounted/VID-20250924-WA0022.png
VID-20250924-WA0022_clip_010.mp4,panic_static_wide_undercounted,unsure,"Times Square daytime aerial: distant crowd, YOLO undercounts; some near-empty frames (false-positive risk)",/Users/harinihegde/Downloads/crowd_panic/Panic/VID-20250924-WA0022_clip_010.mp4,outputs_improved/panic_subfolders/panic_static_wide_undercounted/VID-20250924-WA0022.png
VID-20250924-WA0022_clip_011.mp4,panic_static_wide_undercounted,unsure,"Times Square daytime aerial: distant crowd, YOLO undercounts; some near-empty frames (false-positive risk)",/Users/harinihegde/Downloads/crowd_panic/Panic/VID-20250924-WA0022_clip_011.mp4,outputs_improved/panic_subfolders/panic_static_wide_undercounted/VID-20250924-WA0022.png
VID-20250924-WA0022_clip_012.mp4,panic_static_wide_undercounted,unsure,"Times Square daytime aerial: distant crowd, YOLO undercounts; some near-empty frames (false-positive risk)",/Users/harinihegde/Downloads/crowd_panic/Panic/VID-20250924-WA0022_clip_012.mp4,outputs_improved/panic_subfolders/panic_static_wide_undercounted/VID-20250924-WA0022.png
VID-20250924-WA0022_clip_013.mp4,panic_static_wide_undercounted,unsure,"Times Square daytime aerial: distant crowd, YOLO undercounts; some near-empty frames (false-positive risk)",/Users/harinihegde/Downloads/crowd_panic/Panic/VID-20250924-WA0022_clip_013.mp4,outputs_improved/panic_subfolders/panic_static_wide_undercounted/VID-20250924-WA0022.png
VID-20250924-WA0022_clip_014.mp4,panic_static_wide_undercounted,unsure,"Times Square daytime aerial: distant crowd, YOLO undercounts; some near-empty frames (false-positive risk)",/Users/harinihegde/Downloads/crowd_panic/Panic/VID-20250924-WA0022_clip_014.mp4,outputs_improved/panic_subfolders/panic_static_wide_undercounted/VID-20250924-WA0022.png
VID-20250924-WA0022_clip_015.mp4,panic_static_wide_undercounted,unsure,"Times Square daytime aerial: distant crowd, YOLO undercounts; some near-empty frames (false-positive risk)",/Users/harinihegde/Downloads/crowd_panic/Panic/VID-20250924-WA0022_clip_015.mp4,outputs_improved/panic_subfolders/panic_static_wide_undercounted/VID-20250924-WA0022.png
VID-20250924-WA0020_clip_001.mp4,panic_archival_bw,archival,"B&W ""Buyout Footage"": historical crowds running/fleeing (behaviorally panic; archival B&W domain)",/Users/harinihegde/Downloads/crowd_panic/Panic/VID-20250924-WA0020_clip_001.mp4,outputs_improved/panic_subfolders/panic_archival_bw/VID-20250924-WA0020.png
VID-20250924-WA0020_clip_002.mp4,panic_archival_bw,archival,"B&W ""Buyout Footage"": historical crowds running/fleeing (behaviorally panic; archival B&W domain)",/Users/harinihegde/Downloads/crowd_panic/Panic/VID-20250924-WA0020_clip_002.mp4,outputs_improved/panic_subfolders/panic_archival_bw/VID-20250924-WA0020.png
VID-20250924-WA0020_clip_003.mp4,panic_archival_bw,archival,"B&W ""Buyout Footage"": historical crowds running/fleeing (behaviorally panic; archival B&W domain)",/Users/harinihegde/Downloads/crowd_panic/Panic/VID-20250924-WA0020_clip_003.mp4,outputs_improved/panic_subfolders/panic_archival_bw/VID-20250924-WA0020.png
VID-20250924-WA0020_clip_004.mp4,panic_archival_bw,archival,"B&W ""Buyout Footage"": historical crowds running/fleeing (behaviorally panic; archival B&W domain)",/Users/harinihegde/Downloads/crowd_panic/Panic/VID-20250924-WA0020_clip_004.mp4,outputs_improved/panic_subfolders/panic_archival_bw/VID-20250924-WA0020.png
VID-20250924-WA0020_clip_009.mp4,panic_archival_bw,archival,"B&W ""Buyout Footage"": historical crowds running/fleeing (behaviorally panic; archival B&W domain)",/Users/harinihegde/Downloads/crowd_panic/Panic/VID-20250924-WA0020_clip_009.mp4,outputs_improved/panic_subfolders/panic_archival_bw/VID-20250924-WA0020.png
VID-20250924-WA0020_clip_014.mp4,panic_archival_bw,archival,"B&W ""Buyout Footage"": historical crowds running/fleeing (behaviorally panic; archival B&W domain)",/Users/harinihegde/Downloads/crowd_panic/Panic/VID-20250924-WA0020_clip_014.mp4,outputs_improved/panic_subfolders/panic_archival_bw/VID-20250924-WA0020.png
VID-20250924-WA0020_clip_015.mp4,panic_archival_bw,archival,"B&W ""Buyout Footage"": historical crowds running/fleeing (behaviorally panic; archival B&W domain)",/Users/harinihegde/Downloads/crowd_panic/Panic/VID-20250924-WA0020_clip_015.mp4,outputs_improved/panic_subfolders/panic_archival_bw/VID-20250924-WA0020.png
VID-20250924-WA0020_clip_016.mp4,panic_archival_bw,archival,"B&W ""Buyout Footage"": historical crowds running/fleeing (behaviorally panic; archival B&W domain)",/Users/harinihegde/Downloads/crowd_panic/Panic/VID-20250924-WA0020_clip_016.mp4,outputs_improved/panic_subfolders/panic_archival_bw/VID-20250924-WA0020.png
VID-20250924-WA0020_clip_005.mp4,panic_dense_crush,archival,"B&W ""Buyout Footage"": historical crowds running/fleeing (archival domain)",/Users/harinihegde/Downloads/crowd_panic/Panic/VID-20250924-WA0020_clip_005.mp4,outputs_improved/panic_subfolders/panic_dense_crush/VID-20250924-WA0020.png
VID-20250924-WA0020_clip_006.mp4,panic_dense_crush,archival,"B&W ""Buyout Footage"": historical crowds running/fleeing (archival domain)",/Users/harinihegde/Downloads/crowd_panic/Panic/VID-20250924-WA0020_clip_006.mp4,outputs_improved/panic_subfolders/panic_dense_crush/VID-20250924-WA0020.png
VID-20250924-WA0020_clip_007.mp4,panic_dense_crush,archival,"B&W ""Buyout Footage"": historical crowds running/fleeing (archival domain)",/Users/harinihegde/Downloads/crowd_panic/Panic/VID-20250924-WA0020_clip_007.mp4,outputs_improved/panic_subfolders/panic_dense_crush/VID-20250924-WA0020.png
VID-20250924-WA0020_clip_008.mp4,panic_dense_crush,archival,"B&W ""Buyout Footage"": historical crowds running/fleeing (archival domain)",/Users/harinihegde/Downloads/crowd_panic/Panic/VID-20250924-WA0020_clip_008.mp4,outputs_improved/panic_subfolders/panic_dense_crush/VID-20250924-WA0020.png
VID-20250924-WA0020_clip_010.mp4,panic_dense_crush,archival,"B&W ""Buyout Footage"": historical crowds running/fleeing (archival domain)",/Users/harinihegde/Downloads/crowd_panic/Panic/VID-20250924-WA0020_clip_010.mp4,outputs_improved/panic_subfolders/panic_dense_crush/VID-20250924-WA0020.png
VID-20250924-WA0020_clip_011.mp4,panic_dense_crush,archival,"B&W ""Buyout Footage"": historical crowds running/fleeing (archival domain)",/Users/harinihegde/Downloads/crowd_panic/Panic/VID-20250924-WA0020_clip_011.mp4,outputs_improved/panic_subfolders/panic_dense_crush/VID-20250924-WA0020.png
VID-20250924-WA0020_clip_012.mp4,panic_dense_crush,archival,"B&W ""Buyout Footage"": historical crowds running/fleeing (archival domain)",/Users/harinihegde/Downloads/crowd_panic/Panic/VID-20250924-WA0020_clip_012.mp4,outputs_improved/panic_subfolders/panic_dense_crush/VID-20250924-WA0020.png
VID-20250924-WA0020_clip_013.mp4,panic_dense_crush,archival,"B&W ""Buyout Footage"": historical crowds running/fleeing (archival domain)",/Users/harinihegde/Downloads/crowd_panic/Panic/VID-20250924-WA0020_clip_013.mp4,outputs_improved/panic_subfolders/panic_dense_crush/VID-20250924-WA0020.png
VID-20250924-WA0023_clip_006.mp4,panic_ambiguous,genuine,Times Square fleeing/chaos,/Users/harinihegde/Downloads/crowd_panic/Panic/VID-20250924-WA0023_clip_006.mp4,outputs_improved/panic_subfolders/panic_ambiguous/VID-20250924-WA0023.png
VID-20250924-WA0023_clip_007.mp4,panic_ambiguous,genuine,Times Square fleeing/chaos,/Users/harinihegde/Downloads/crowd_panic/Panic/VID-20250924-WA0023_clip_007.mp4,outputs_improved/panic_subfolders/panic_ambiguous/VID-20250924-WA0023.png
VID-20250924-WA0023_clip_009.mp4,panic_ambiguous,genuine,Times Square fleeing/chaos,/Users/harinihegde/Downloads/crowd_panic/Panic/VID-20250924-WA0023_clip_009.mp4,outputs_improved/panic_subfolders/panic_ambiguous/VID-20250924-WA0023.png
VID-20250924-WA0023_clip_010.mp4,panic_ambiguous,genuine,Times Square fleeing/chaos,/Users/harinihegde/Downloads/crowd_panic/Panic/VID-20250924-WA0023_clip_010.mp4,outputs_improved/panic_subfolders/panic_ambiguous/VID-20250924-WA0023.png
VID-20251025-WA0002_clip_001.mp4,panic_ambiguous,genuine,"Hindi news ""bhagdad"" dense stampede aerial",/Users/harinihegde/Downloads/crowd_panic/Panic/VID-20251025-WA0002_clip_001.mp4,outputs_improved/panic_subfolders/panic_ambiguous/VID-20251025-WA0002.png
VID-20251025-WA0002_clip_002.mp4,panic_ambiguous,genuine,"Hindi news ""bhagdad"" dense stampede aerial",/Users/harinihegde/Downloads/crowd_panic/Panic/VID-20251025-WA0002_clip_002.mp4,outputs_improved/panic_subfolders/panic_ambiguous/VID-20251025-WA0002.png
VID-20251025-WA0002_clip_004.mp4,panic_ambiguous,genuine,"Hindi news ""bhagdad"" dense stampede aerial",/Users/harinihegde/Downloads/crowd_panic/Panic/VID-20251025-WA0002_clip_004.mp4,outputs_improved/panic_subfolders/panic_ambiguous/VID-20251025-WA0002.png
VID-20250923-WA0009_clip_001.mp4,panic_dense_crush,genuine,"Lalbaug temple crowd surge against police cordon, hands up, pushing",/Users/harinihegde/Downloads/crowd_panic/Panic/VID-20250923-WA0009_clip_001.mp4,outputs_improved/panic_subfolders/panic_dense_crush/VID-20250923-WA0009.png
VID-20250923-WA0009_clip_002.mp4,panic_dense_crush,genuine,"Lalbaug temple crowd surge against police cordon, hands up, pushing",/Users/harinihegde/Downloads/crowd_panic/Panic/VID-20250923-WA0009_clip_002.mp4,outputs_improved/panic_subfolders/panic_dense_crush/VID-20250923-WA0009.png
VID-20250923-WA0024_clip_001.mp4,panic_dense_crush,genuine,IANS: enormous barricaded mass gathering (Kumbh-scale crush),/Users/harinihegde/Downloads/crowd_panic/Panic/VID-20250923-WA0024_clip_001.mp4,outputs_improved/panic_subfolders/panic_dense_crush/VID-20250923-WA0024.png
VID-20250923-WA0024_clip_002.mp4,panic_dense_crush,genuine,IANS: enormous barricaded mass gathering (Kumbh-scale crush),/Users/harinihegde/Downloads/crowd_panic/Panic/VID-20250923-WA0024_clip_002.mp4,outputs_improved/panic_subfolders/panic_dense_crush/VID-20250923-WA0024.png
VID-20250923-WA0024_clip_003.mp4,panic_dense_crush,genuine,IANS: enormous barricaded mass gathering (Kumbh-scale crush),/Users/harinihegde/Downloads/crowd_panic/Panic/VID-20250923-WA0024_clip_003.mp4,outputs_improved/panic_subfolders/panic_dense_crush/VID-20250923-WA0024.png
VID-20250923-WA0024_clip_004.mp4,panic_dense_crush,genuine,IANS: enormous barricaded mass gathering (Kumbh-scale crush),/Users/harinihegde/Downloads/crowd_panic/Panic/VID-20250923-WA0024_clip_004.mp4,outputs_improved/panic_subfolders/panic_dense_crush/VID-20250923-WA0024.png
VID-20250923-WA0025_clip_001.mp4,panic_dense_crush,genuine,"Chinnaswamy Stadium stampede: people piled/collapsed, victims pulled out",/Users/harinihegde/Downloads/crowd_panic/Panic/VID-20250923-WA0025_clip_001.mp4,outputs_improved/panic_subfolders/panic_dense_crush/VID-20250923-WA0025.png
VID-20250924-WA0012_clip_001.mp4,panic_dense_crush,genuine,"Viral: stampede outside Chinnaswamy Stadium, dense chaos",/Users/harinihegde/Downloads/crowd_panic/Panic/VID-20250924-WA0012_clip_001.mp4,outputs_improved/panic_subfolders/panic_dense_crush/VID-20250924-WA0012.png
VID-20250924-WA0012_clip_002.mp4,panic_dense_crush,genuine,"Viral: stampede outside Chinnaswamy Stadium, dense chaos",/Users/harinihegde/Downloads/crowd_panic/Panic/VID-20250924-WA0012_clip_002.mp4,outputs_improved/panic_subfolders/panic_dense_crush/VID-20250924-WA0012.png
VID-20250924-WA0012_clip_003.mp4,panic_dense_crush,genuine,"Viral: stampede outside Chinnaswamy Stadium, dense chaos",/Users/harinihegde/Downloads/crowd_panic/Panic/VID-20250924-WA0012_clip_003.mp4,outputs_improved/panic_subfolders/panic_dense_crush/VID-20250924-WA0012.png
VID-20250924-WA0023_clip_001.mp4,panic_dense_crush,genuine,Times Square: pedestrians fleeing in chaos (injuries reported),/Users/harinihegde/Downloads/crowd_panic/Panic/VID-20250924-WA0023_clip_001.mp4,outputs_improved/panic_subfolders/panic_dense_crush/VID-20250924-WA0023.png
VID-20250924-WA0023_clip_002.mp4,panic_dense_crush,genuine,Times Square: pedestrians fleeing in chaos (injuries reported),/Users/harinihegde/Downloads/crowd_panic/Panic/VID-20250924-WA0023_clip_002.mp4,outputs_improved/panic_subfolders/panic_dense_crush/VID-20250924-WA0023.png
VID-20250924-WA0023_clip_003.mp4,panic_dense_crush,genuine,Times Square: pedestrians fleeing in chaos (injuries reported),/Users/harinihegde/Downloads/crowd_panic/Panic/VID-20250924-WA0023_clip_003.mp4,outputs_improved/panic_subfolders/panic_dense_crush/VID-20250924-WA0023.png
VID-20250924-WA0023_clip_008.mp4,panic_dense_crush,genuine,Times Square: pedestrians fleeing in chaos (injuries reported),/Users/harinihegde/Downloads/crowd_panic/Panic/VID-20250924-WA0023_clip_008.mp4,outputs_improved/panic_subfolders/panic_dense_crush/VID-20250924-WA0023.png
VID-20250924-WA0023_clip_011.mp4,panic_dense_crush,genuine,Times Square: pedestrians fleeing in chaos (injuries reported),/Users/harinihegde/Downloads/crowd_panic/Panic/VID-20250924-WA0023_clip_011.mp4,outputs_improved/panic_subfolders/panic_dense_crush/VID-20250924-WA0023.png
VID-20250924-WA0023_clip_012.mp4,panic_dense_crush,genuine,Times Square: pedestrians fleeing in chaos (injuries reported),/Users/harinihegde/Downloads/crowd_panic/Panic/VID-20250924-WA0023_clip_012.mp4,outputs_improved/panic_subfolders/panic_dense_crush/VID-20250924-WA0023.png
VID-20250924-WA0023_clip_013.mp4,panic_dense_crush,genuine,Times Square: pedestrians fleeing in chaos (injuries reported),/Users/harinihegde/Downloads/crowd_panic/Panic/VID-20250924-WA0023_clip_013.mp4,outputs_improved/panic_subfolders/panic_dense_crush/VID-20250924-WA0023.png
VID-20250924-WA0023_clip_014.mp4,panic_dense_crush,genuine,Times Square: pedestrians fleeing in chaos (injuries reported),/Users/harinihegde/Downloads/crowd_panic/Panic/VID-20250924-WA0023_clip_014.mp4,outputs_improved/panic_subfolders/panic_dense_crush/VID-20250924-WA0023.png
VID-20250924-WA0023_clip_016.mp4,panic_dense_crush,genuine,Times Square: pedestrians fleeing in chaos (injuries reported),/Users/harinihegde/Downloads/crowd_panic/Panic/VID-20250924-WA0023_clip_016.mp4,outputs_improved/panic_subfolders/panic_dense_crush/VID-20250924-WA0023.png
VID-20250924-WA0018_clip_015.mp4,panic_flight_sparse,genuine,Sparse people running/scattering (flight),/Users/harinihegde/Downloads/crowd_panic/Panic/VID-20250924-WA0018_clip_015.mp4,outputs_improved/panic_subfolders/panic_flight_sparse/VID-20250924-WA0018.png
VID-20250924-WA0018_clip_017.mp4,panic_flight_sparse,genuine,Sparse people running/scattering (flight),/Users/harinihegde/Downloads/crowd_panic/Panic/VID-20250924-WA0018_clip_017.mp4,outputs_improved/panic_subfolders/panic_flight_sparse/VID-20250924-WA0018.png
VID-20250924-WA0022_clip_001.mp4,panic_flight_sparse,genuine,"Times Square: people running/fleeing across plaza (sparse, high motion)",/Users/harinihegde/Downloads/crowd_panic/Panic/VID-20250924-WA0022_clip_001.mp4,outputs_improved/panic_subfolders/panic_flight_sparse/VID-20250924-WA0022.png
VID-20250924-WA0022_clip_002.mp4,panic_flight_sparse,genuine,"Times Square: people running/fleeing across plaza (sparse, high motion)",/Users/harinihegde/Downloads/crowd_panic/Panic/VID-20250924-WA0022_clip_002.mp4,outputs_improved/panic_subfolders/panic_flight_sparse/VID-20250924-WA0022.png
VID-20250924-WA0022_clip_003.mp4,panic_flight_sparse,genuine,"Times Square: people running/fleeing across plaza (sparse, high motion)",/Users/harinihegde/Downloads/crowd_panic/Panic/VID-20250924-WA0022_clip_003.mp4,outputs_improved/panic_subfolders/panic_flight_sparse/VID-20250924-WA0022.png
VID-20250924-WA0022_clip_004.mp4,panic_flight_sparse,genuine,"Times Square: people running/fleeing across plaza (sparse, high motion)",/Users/harinihegde/Downloads/crowd_panic/Panic/VID-20250924-WA0022_clip_004.mp4,outputs_improved/panic_subfolders/panic_flight_sparse/VID-20250924-WA0022.png
VID-20250924-WA0022_clip_005.mp4,panic_flight_sparse,genuine,"Times Square: people running/fleeing across plaza (sparse, high motion)",/Users/harinihegde/Downloads/crowd_panic/Panic/VID-20250924-WA0022_clip_005.mp4,outputs_improved/panic_subfolders/panic_flight_sparse/VID-20250924-WA0022.png
VID-20250924-WA0022_clip_006.mp4,panic_flight_sparse,genuine,"Times Square: people running/fleeing across plaza (sparse, high motion)",/Users/harinihegde/Downloads/crowd_panic/Panic/VID-20250924-WA0022_clip_006.mp4,outputs_improved/panic_subfolders/panic_flight_sparse/VID-20250924-WA0022.png
VID-20250924-WA0023_clip_004.mp4,panic_flight_sparse,genuine,Times Square: pedestrians fleeing/scattering,/Users/harinihegde/Downloads/crowd_panic/Panic/VID-20250924-WA0023_clip_004.mp4,outputs_improved/panic_subfolders/panic_flight_sparse/VID-20250924-WA0023.png
VID-20250924-WA0023_clip_005.mp4,panic_flight_sparse,genuine,Times Square: pedestrians fleeing/scattering,/Users/harinihegde/Downloads/crowd_panic/Panic/VID-20250924-WA0023_clip_005.mp4,outputs_improved/panic_subfolders/panic_flight_sparse/VID-20250924-WA0023.png
VID-20250924-WA0024_clip_002.mp4,panic_flight_sparse,genuine,Sparse crowd fleeing/dispersing,/Users/harinihegde/Downloads/crowd_panic/Panic/VID-20250924-WA0024_clip_002.mp4,outputs_improved/panic_subfolders/panic_flight_sparse/VID-20250924-WA0024.png
VID-20250924-WA0024_clip_008.mp4,panic_flight_sparse,genuine,Sparse crowd fleeing/dispersing,/Users/harinihegde/Downloads/crowd_panic/Panic/VID-20250924-WA0024_clip_008.mp4,outputs_improved/panic_subfolders/panic_flight_sparse/VID-20250924-WA0024.png
VID-20251025-WA0002_clip_003.mp4,panic_static_wide_undercounted,genuine,"Aerial ""bhagdad""(stampede) dense crowd; undercounted at distance",/Users/harinihegde/Downloads/crowd_panic/Panic/VID-20251025-WA0002_clip_003.mp4,outputs_improved/panic_subfolders/panic_static_wide_undercounted/VID-20251025-WA0002.png
VID-20250924-WA0010_clip_005.mp4,panic_ambiguous,genuine_lowres_news,Bandra Terminus stampede CCTV (same event),/Users/harinihegde/Downloads/crowd_panic/Panic/VID-20250924-WA0010_clip_005.mp4,outputs_improved/panic_subfolders/panic_ambiguous/VID-20250924-WA0010.png
VID-20250924-WA0010_clip_006.mp4,panic_ambiguous,genuine_lowres_news,Bandra Terminus stampede CCTV (same event),/Users/harinihegde/Downloads/crowd_panic/Panic/VID-20250924-WA0010_clip_006.mp4,outputs_improved/panic_subfolders/panic_ambiguous/VID-20250924-WA0010.png
VID-20250924-WA0015_clip_004.mp4,panic_ambiguous,genuine_lowres_news,Bandra Terminus stampede CCTV (same event),/Users/harinihegde/Downloads/crowd_panic/Panic/VID-20250924-WA0015_clip_004.mp4,outputs_improved/panic_subfolders/panic_ambiguous/VID-20250924-WA0015.png
VID-20250924-WA0016_clip_004.mp4,panic_ambiguous,genuine_lowres_news,Business Today CCTV stampede (same event),/Users/harinihegde/Downloads/crowd_panic/Panic/VID-20250924-WA0016_clip_004.mp4,outputs_improved/panic_subfolders/panic_ambiguous/VID-20250924-WA0016.png
VID-20250924-WA0016_clip_006.mp4,panic_ambiguous,genuine_lowres_news,Business Today CCTV stampede (same event),/Users/harinihegde/Downloads/crowd_panic/Panic/VID-20250924-WA0016_clip_006.mp4,outputs_improved/panic_subfolders/panic_ambiguous/VID-20250924-WA0016.png
VID-20250924-WA0016_clip_008.mp4,panic_ambiguous,genuine_lowres_news,Business Today CCTV stampede (same event),/Users/harinihegde/Downloads/crowd_panic/Panic/VID-20250924-WA0016_clip_008.mp4,outputs_improved/panic_subfolders/panic_ambiguous/VID-20250924-WA0016.png
VID-20250924-WA0021_clip_001.mp4,panic_ambiguous,genuine_lowres_news,Mount Meron crush (same event),/Users/harinihegde/Downloads/crowd_panic/Panic/VID-20250924-WA0021_clip_001.mp4,outputs_improved/panic_subfolders/panic_ambiguous/VID-20250924-WA0021.png
VID-20250924-WA0021_clip_002.mp4,panic_ambiguous,genuine_lowres_news,Mount Meron crush (same event),/Users/harinihegde/Downloads/crowd_panic/Panic/VID-20250924-WA0021_clip_002.mp4,outputs_improved/panic_subfolders/panic_ambiguous/VID-20250924-WA0021.png
VID-20250924-WA0021_clip_003.mp4,panic_ambiguous,genuine_lowres_news,Mount Meron crush (same event),/Users/harinihegde/Downloads/crowd_panic/Panic/VID-20250924-WA0021_clip_003.mp4,outputs_improved/panic_subfolders/panic_ambiguous/VID-20250924-WA0021.png
VID-20250924-WA0021_clip_007.mp4,panic_ambiguous,genuine_lowres_news,Mount Meron crush (same event),/Users/harinihegde/Downloads/crowd_panic/Panic/VID-20250924-WA0021_clip_007.mp4,outputs_improved/panic_subfolders/panic_ambiguous/VID-20250924-WA0021.png
VID-20250924-WA0021_clip_028.mp4,panic_ambiguous,genuine_lowres_news,Mount Meron crush (same event),/Users/harinihegde/Downloads/crowd_panic/Panic/VID-20250924-WA0021_clip_028.mp4,outputs_improved/panic_subfolders/panic_ambiguous/VID-20250924-WA0021.png
VID-20250924-WA0021_clip_042.mp4,panic_ambiguous,genuine_lowres_news,Mount Meron crush (same event),/Users/harinihegde/Downloads/crowd_panic/Panic/VID-20250924-WA0021_clip_042.mp4,outputs_improved/panic_subfolders/panic_ambiguous/VID-20250924-WA0021.png
VID-20250924-WA0025_clip_007.mp4,panic_ambiguous,genuine_lowres_news,ABP CCTV Patna stampede (daytime),/Users/harinihegde/Downloads/crowd_panic/Panic/VID-20250924-WA0025_clip_007.mp4,outputs_improved/panic_subfolders/panic_ambiguous/VID-20250924-WA0025.png
VID-20250924-WA0025_clip_008.mp4,panic_ambiguous,genuine_lowres_news,ABP CCTV Patna stampede (daytime),/Users/harinihegde/Downloads/crowd_panic/Panic/VID-20250924-WA0025_clip_008.mp4,outputs_improved/panic_subfolders/panic_ambiguous/VID-20250924-WA0025.png
VID-20250924-WA0009_clip_001.mp4,panic_dense_crush,genuine_lowres_news,"NDTV: Maha Kumbh stampede (Prayagraj), dense crowd",/Users/harinihegde/Downloads/crowd_panic/Panic/VID-20250924-WA0009_clip_001.mp4,outputs_improved/panic_subfolders/panic_dense_crush/VID-20250924-WA0009.png
VID-20250924-WA0009_clip_002.mp4,panic_dense_crush,genuine_lowres_news,"NDTV: Maha Kumbh stampede (Prayagraj), dense crowd",/Users/harinihegde/Downloads/crowd_panic/Panic/VID-20250924-WA0009_clip_002.mp4,outputs_improved/panic_subfolders/panic_dense_crush/VID-20250924-WA0009.png
VID-20250924-WA0009_clip_003.mp4,panic_dense_crush,genuine_lowres_news,"NDTV: Maha Kumbh stampede (Prayagraj), dense crowd",/Users/harinihegde/Downloads/crowd_panic/Panic/VID-20250924-WA0009_clip_003.mp4,outputs_improved/panic_subfolders/panic_dense_crush/VID-20250924-WA0009.png
VID-20250924-WA0010_clip_001.mp4,panic_dense_crush,genuine_lowres_news,NDTV CCTV: rush before Bandra Terminus stampede,/Users/harinihegde/Downloads/crowd_panic/Panic/VID-20250924-WA0010_clip_001.mp4,outputs_improved/panic_subfolders/panic_dense_crush/VID-20250924-WA0010.png
VID-20250924-WA0010_clip_002.mp4,panic_dense_crush,genuine_lowres_news,NDTV CCTV: rush before Bandra Terminus stampede,/Users/harinihegde/Downloads/crowd_panic/Panic/VID-20250924-WA0010_clip_002.mp4,outputs_improved/panic_subfolders/panic_dense_crush/VID-20250924-WA0010.png
VID-20250924-WA0010_clip_003.mp4,panic_dense_crush,genuine_lowres_news,NDTV CCTV: rush before Bandra Terminus stampede,/Users/harinihegde/Downloads/crowd_panic/Panic/VID-20250924-WA0010_clip_003.mp4,outputs_improved/panic_subfolders/panic_dense_crush/VID-20250924-WA0010.png
VID-20250924-WA0010_clip_004.mp4,panic_dense_crush,genuine_lowres_news,NDTV CCTV: rush before Bandra Terminus stampede,/Users/harinihegde/Downloads/crowd_panic/Panic/VID-20250924-WA0010_clip_004.mp4,outputs_improved/panic_subfolders/panic_dense_crush/VID-20250924-WA0010.png
VID-20250924-WA0010_clip_007.mp4,panic_dense_crush,genuine_lowres_news,NDTV CCTV: rush before Bandra Terminus stampede,/Users/harinihegde/Downloads/crowd_panic/Panic/VID-20250924-WA0010_clip_007.mp4,outputs_improved/panic_subfolders/panic_dense_crush/VID-20250924-WA0010.png
VID-20250924-WA0011_clip_001.mp4,panic_dense_crush,genuine_lowres_news,News: Yemen aid-center stampede (80 dead); clip1 is a warning card,/Users/harinihegde/Downloads/crowd_panic/Panic/VID-20250924-WA0011_clip_001.mp4,outputs_improved/panic_subfolders/panic_dense_crush/VID-20250924-WA0011.png
VID-20250924-WA0011_clip_002.mp4,panic_dense_crush,genuine_lowres_news,News: Yemen aid-center stampede (80 dead); clip1 is a warning card,/Users/harinihegde/Downloads/crowd_panic/Panic/VID-20250924-WA0011_clip_002.mp4,outputs_improved/panic_subfolders/panic_dense_crush/VID-20250924-WA0011.png
VID-20250924-WA0011_clip_003.mp4,panic_dense_crush,genuine_lowres_news,News: Yemen aid-center stampede (80 dead); clip1 is a warning card,/Users/harinihegde/Downloads/crowd_panic/Panic/VID-20250924-WA0011_clip_003.mp4,outputs_improved/panic_subfolders/panic_dense_crush/VID-20250924-WA0011.png
VID-20250924-WA0011_clip_004.mp4,panic_dense_crush,genuine_lowres_news,News: Yemen aid-center stampede (80 dead); clip1 is a warning card,/Users/harinihegde/Downloads/crowd_panic/Panic/VID-20250924-WA0011_clip_004.mp4,outputs_improved/panic_subfolders/panic_dense_crush/VID-20250924-WA0011.png
VID-20250924-WA0014_clip_001.mp4,panic_dense_crush,genuine_lowres_news,NDTV: New Delhi station deadly-stampede platform crush,/Users/harinihegde/Downloads/crowd_panic/Panic/VID-20250924-WA0014_clip_001.mp4,outputs_improved/panic_subfolders/panic_dense_crush/VID-20250924-WA0014.png
VID-20250924-WA0014_clip_002.mp4,panic_dense_crush,genuine_lowres_news,NDTV: New Delhi station deadly-stampede platform crush,/Users/harinihegde/Downloads/crowd_panic/Panic/VID-20250924-WA0014_clip_002.mp4,outputs_improved/panic_subfolders/panic_dense_crush/VID-20250924-WA0014.png
VID-20250924-WA0014_clip_003.mp4,panic_dense_crush,genuine_lowres_news,NDTV: New Delhi station deadly-stampede platform crush,/Users/harinihegde/Downloads/crowd_panic/Panic/VID-20250924-WA0014_clip_003.mp4,outputs_improved/panic_subfolders/panic_dense_crush/VID-20250924-WA0014.png
VID-20250924-WA0014_clip_004.mp4,panic_dense_crush,genuine_lowres_news,NDTV: New Delhi station deadly-stampede platform crush,/Users/harinihegde/Downloads/crowd_panic/Panic/VID-20250924-WA0014_clip_004.mp4,outputs_improved/panic_subfolders/panic_dense_crush/VID-20250924-WA0014.png
VID-20250924-WA0015_clip_001.mp4,panic_dense_crush,genuine_lowres_news,"ABP CCTV: Bandra Terminus stampede, scattering/crush",/Users/harinihegde/Downloads/crowd_panic/Panic/VID-20250924-WA0015_clip_001.mp4,outputs_improved/panic_subfolders/panic_dense_crush/VID-20250924-WA0015.png
VID-20250924-WA0015_clip_002.mp4,panic_dense_crush,genuine_lowres_news,"ABP CCTV: Bandra Terminus stampede, scattering/crush",/Users/harinihegde/Downloads/crowd_panic/Panic/VID-20250924-WA0015_clip_002.mp4,outputs_improved/panic_subfolders/panic_dense_crush/VID-20250924-WA0015.png
VID-20250924-WA0015_clip_003.mp4,panic_dense_crush,genuine_lowres_news,"ABP CCTV: Bandra Terminus stampede, scattering/crush",/Users/harinihegde/Downloads/crowd_panic/Panic/VID-20250924-WA0015_clip_003.mp4,outputs_improved/panic_subfolders/panic_dense_crush/VID-20250924-WA0015.png
VID-20250924-WA0015_clip_005.mp4,panic_dense_crush,genuine_lowres_news,"ABP CCTV: Bandra Terminus stampede, scattering/crush",/Users/harinihegde/Downloads/crowd_panic/Panic/VID-20250924-WA0015_clip_005.mp4,outputs_improved/panic_subfolders/panic_dense_crush/VID-20250924-WA0015.png
VID-20250924-WA0015_clip_006.mp4,panic_dense_crush,genuine_lowres_news,"ABP CCTV: Bandra Terminus stampede, scattering/crush",/Users/harinihegde/Downloads/crowd_panic/Panic/VID-20250924-WA0015_clip_006.mp4,outputs_improved/panic_subfolders/panic_dense_crush/VID-20250924-WA0015.png
VID-20250924-WA0015_clip_007.mp4,panic_dense_crush,genuine_lowres_news,"ABP CCTV: Bandra Terminus stampede, scattering/crush",/Users/harinihegde/Downloads/crowd_panic/Panic/VID-20250924-WA0015_clip_007.mp4,outputs_improved/panic_subfolders/panic_dense_crush/VID-20250924-WA0015.png
VID-20250924-WA0016_clip_002.mp4,panic_dense_crush,genuine_lowres_news,Business Today CCTV: crowd crushing/falling on stairway,/Users/harinihegde/Downloads/crowd_panic/Panic/VID-20250924-WA0016_clip_002.mp4,outputs_improved/panic_subfolders/panic_dense_crush/VID-20250924-WA0016.png
VID-20250924-WA0016_clip_003.mp4,panic_dense_crush,genuine_lowres_news,Business Today CCTV: crowd crushing/falling on stairway,/Users/harinihegde/Downloads/crowd_panic/Panic/VID-20250924-WA0016_clip_003.mp4,outputs_improved/panic_subfolders/panic_dense_crush/VID-20250924-WA0016.png
VID-20250924-WA0016_clip_007.mp4,panic_dense_crush,genuine_lowres_news,Business Today CCTV: crowd crushing/falling on stairway,/Users/harinihegde/Downloads/crowd_panic/Panic/VID-20250924-WA0016_clip_007.mp4,outputs_improved/panic_subfolders/panic_dense_crush/VID-20250924-WA0016.png
VID-20250924-WA0016_clip_010.mp4,panic_dense_crush,genuine_lowres_news,Business Today CCTV: crowd crushing/falling on stairway,/Users/harinihegde/Downloads/crowd_panic/Panic/VID-20250924-WA0016_clip_010.mp4,outputs_improved/panic_subfolders/panic_dense_crush/VID-20250924-WA0016.png
VID-20250924-WA0016_clip_011.mp4,panic_dense_crush,genuine_lowres_news,Business Today CCTV: crowd crushing/falling on stairway,/Users/harinihegde/Downloads/crowd_panic/Panic/VID-20250924-WA0016_clip_011.mp4,outputs_improved/panic_subfolders/panic_dense_crush/VID-20250924-WA0016.png
VID-20250924-WA0016_clip_012.mp4,panic_dense_crush,genuine_lowres_news,Business Today CCTV: crowd crushing/falling on stairway,/Users/harinihegde/Downloads/crowd_panic/Panic/VID-20250924-WA0016_clip_012.mp4,outputs_improved/panic_subfolders/panic_dense_crush/VID-20250924-WA0016.png
VID-20250924-WA0016_clip_015.mp4,panic_dense_crush,genuine_lowres_news,Business Today CCTV: crowd crushing/falling on stairway,/Users/harinihegde/Downloads/crowd_panic/Panic/VID-20250924-WA0016_clip_015.mp4,outputs_improved/panic_subfolders/panic_dense_crush/VID-20250924-WA0016.png
VID-20250924-WA0016_clip_016.mp4,panic_dense_crush,genuine_lowres_news,Business Today CCTV: crowd crushing/falling on stairway,/Users/harinihegde/Downloads/crowd_panic/Panic/VID-20250924-WA0016_clip_016.mp4,outputs_improved/panic_subfolders/panic_dense_crush/VID-20250924-WA0016.png
VID-20250924-WA0016_clip_017.mp4,panic_dense_crush,genuine_lowres_news,Business Today CCTV: crowd crushing/falling on stairway,/Users/harinihegde/Downloads/crowd_panic/Panic/VID-20250924-WA0016_clip_017.mp4,outputs_improved/panic_subfolders/panic_dense_crush/VID-20250924-WA0016.png
VID-20250924-WA0016_clip_018.mp4,panic_dense_crush,genuine_lowres_news,Business Today CCTV: crowd crushing/falling on stairway,/Users/harinihegde/Downloads/crowd_panic/Panic/VID-20250924-WA0016_clip_018.mp4,outputs_improved/panic_subfolders/panic_dense_crush/VID-20250924-WA0016.png
VID-20250924-WA0017_clip_020.mp4,panic_dense_crush,genuine_lowres_news,Ch2: Atlanta MARTA post-concert packed platform crush,/Users/harinihegde/Downloads/crowd_panic/Panic/VID-20250924-WA0017_clip_020.mp4,outputs_improved/panic_subfolders/panic_dense_crush/VID-20250924-WA0017.png
VID-20250924-WA0017_clip_022.mp4,panic_dense_crush,genuine_lowres_news,Ch2: Atlanta MARTA post-concert packed platform crush,/Users/harinihegde/Downloads/crowd_panic/Panic/VID-20250924-WA0017_clip_022.mp4,outputs_improved/panic_subfolders/panic_dense_crush/VID-20250924-WA0017.png
VID-20250924-WA0017_clip_024.mp4,panic_dense_crush,genuine_lowres_news,Ch2: Atlanta MARTA post-concert packed platform crush,/Users/harinihegde/Downloads/crowd_panic/Panic/VID-20250924-WA0017_clip_024.mp4,outputs_improved/panic_subfolders/panic_dense_crush/VID-20250924-WA0017.png
VID-20250924-WA0018_clip_005.mp4,panic_dense_crush,genuine_lowres_news,"CN news/doc: nighttime stampede aftermath, scattering + medical emergency",/Users/harinihegde/Downloads/crowd_panic/Panic/VID-20250924-WA0018_clip_005.mp4,outputs_improved/panic_subfolders/panic_dense_crush/VID-20250924-WA0018.png
VID-20250924-WA0018_clip_006.mp4,panic_dense_crush,genuine_lowres_news,"CN news/doc: nighttime stampede aftermath, scattering + medical emergency",/Users/harinihegde/Downloads/crowd_panic/Panic/VID-20250924-WA0018_clip_006.mp4,outputs_improved/panic_subfolders/panic_dense_crush/VID-20250924-WA0018.png
VID-20250924-WA0018_clip_007.mp4,panic_dense_crush,genuine_lowres_news,"CN news/doc: nighttime stampede aftermath, scattering + medical emergency",/Users/harinihegde/Downloads/crowd_panic/Panic/VID-20250924-WA0018_clip_007.mp4,outputs_improved/panic_subfolders/panic_dense_crush/VID-20250924-WA0018.png
VID-20250924-WA0018_clip_008.mp4,panic_dense_crush,genuine_lowres_news,"CN news/doc: nighttime stampede aftermath, scattering + medical emergency",/Users/harinihegde/Downloads/crowd_panic/Panic/VID-20250924-WA0018_clip_008.mp4,outputs_improved/panic_subfolders/panic_dense_crush/VID-20250924-WA0018.png
VID-20250924-WA0018_clip_009.mp4,panic_dense_crush,genuine_lowres_news,"CN news/doc: nighttime stampede aftermath, scattering + medical emergency",/Users/harinihegde/Downloads/crowd_panic/Panic/VID-20250924-WA0018_clip_009.mp4,outputs_improved/panic_subfolders/panic_dense_crush/VID-20250924-WA0018.png
VID-20250924-WA0018_clip_010.mp4,panic_dense_crush,genuine_lowres_news,"CN news/doc: nighttime stampede aftermath, scattering + medical emergency",/Users/harinihegde/Downloads/crowd_panic/Panic/VID-20250924-WA0018_clip_010.mp4,outputs_improved/panic_subfolders/panic_dense_crush/VID-20250924-WA0018.png
VID-20250924-WA0018_clip_011.mp4,panic_dense_crush,genuine_lowres_news,"CN news/doc: nighttime stampede aftermath, scattering + medical emergency",/Users/harinihegde/Downloads/crowd_panic/Panic/VID-20250924-WA0018_clip_011.mp4,outputs_improved/panic_subfolders/panic_dense_crush/VID-20250924-WA0018.png
VID-20250924-WA0018_clip_012.mp4,panic_dense_crush,genuine_lowres_news,"CN news/doc: nighttime stampede aftermath, scattering + medical emergency",/Users/harinihegde/Downloads/crowd_panic/Panic/VID-20250924-WA0018_clip_012.mp4,outputs_improved/panic_subfolders/panic_dense_crush/VID-20250924-WA0018.png
VID-20250924-WA0018_clip_013.mp4,panic_dense_crush,genuine_lowres_news,"CN news/doc: nighttime stampede aftermath, scattering + medical emergency",/Users/harinihegde/Downloads/crowd_panic/Panic/VID-20250924-WA0018_clip_013.mp4,outputs_improved/panic_subfolders/panic_dense_crush/VID-20250924-WA0018.png
VID-20250924-WA0018_clip_014.mp4,panic_dense_crush,genuine_lowres_news,"CN news/doc: nighttime stampede aftermath, scattering + medical emergency",/Users/harinihegde/Downloads/crowd_panic/Panic/VID-20250924-WA0018_clip_014.mp4,outputs_improved/panic_subfolders/panic_dense_crush/VID-20250924-WA0018.png
VID-20250924-WA0018_clip_016.mp4,panic_dense_crush,genuine_lowres_news,"CN news/doc: nighttime stampede aftermath, scattering + medical emergency",/Users/harinihegde/Downloads/crowd_panic/Panic/VID-20250924-WA0018_clip_016.mp4,outputs_improved/panic_subfolders/panic_dense_crush/VID-20250924-WA0018.png
VID-20250924-WA0018_clip_018.mp4,panic_dense_crush,genuine_lowres_news,"CN news/doc: nighttime stampede aftermath, scattering + medical emergency",/Users/harinihegde/Downloads/crowd_panic/Panic/VID-20250924-WA0018_clip_018.mp4,outputs_improved/panic_subfolders/panic_dense_crush/VID-20250924-WA0018.png
VID-20250924-WA0018_clip_019.mp4,panic_dense_crush,genuine_lowres_news,"CN news/doc: nighttime stampede aftermath, scattering + medical emergency",/Users/harinihegde/Downloads/crowd_panic/Panic/VID-20250924-WA0018_clip_019.mp4,outputs_improved/panic_subfolders/panic_dense_crush/VID-20250924-WA0018.png
VID-20250924-WA0018_clip_020.mp4,panic_dense_crush,genuine_lowres_news,"CN news/doc: nighttime stampede aftermath, scattering + medical emergency",/Users/harinihegde/Downloads/crowd_panic/Panic/VID-20250924-WA0018_clip_020.mp4,outputs_improved/panic_subfolders/panic_dense_crush/VID-20250924-WA0018.png
VID-20250924-WA0018_clip_021.mp4,panic_dense_crush,genuine_lowres_news,"CN news/doc: nighttime stampede aftermath, scattering + medical emergency",/Users/harinihegde/Downloads/crowd_panic/Panic/VID-20250924-WA0018_clip_021.mp4,outputs_improved/panic_subfolders/panic_dense_crush/VID-20250924-WA0018.png
VID-20250924-WA0018_clip_022.mp4,panic_dense_crush,genuine_lowres_news,"CN news/doc: nighttime stampede aftermath, scattering + medical emergency",/Users/harinihegde/Downloads/crowd_panic/Panic/VID-20250924-WA0018_clip_022.mp4,outputs_improved/panic_subfolders/panic_dense_crush/VID-20250924-WA0018.png
VID-20250924-WA0018_clip_023.mp4,panic_dense_crush,genuine_lowres_news,"CN news/doc: nighttime stampede aftermath, scattering + medical emergency",/Users/harinihegde/Downloads/crowd_panic/Panic/VID-20250924-WA0018_clip_023.mp4,outputs_improved/panic_subfolders/panic_dense_crush/VID-20250924-WA0018.png
VID-20250924-WA0018_clip_024.mp4,panic_dense_crush,genuine_lowres_news,"CN news/doc: nighttime stampede aftermath, scattering + medical emergency",/Users/harinihegde/Downloads/crowd_panic/Panic/VID-20250924-WA0018_clip_024.mp4,outputs_improved/panic_subfolders/panic_dense_crush/VID-20250924-WA0018.png
VID-20250924-WA0018_clip_025.mp4,panic_dense_crush,genuine_lowres_news,"CN news/doc: nighttime stampede aftermath, scattering + medical emergency",/Users/harinihegde/Downloads/crowd_panic/Panic/VID-20250924-WA0018_clip_025.mp4,outputs_improved/panic_subfolders/panic_dense_crush/VID-20250924-WA0018.png
VID-20250924-WA0018_clip_026.mp4,panic_dense_crush,genuine_lowres_news,"CN news/doc: nighttime stampede aftermath, scattering + medical emergency",/Users/harinihegde/Downloads/crowd_panic/Panic/VID-20250924-WA0018_clip_026.mp4,outputs_improved/panic_subfolders/panic_dense_crush/VID-20250924-WA0018.png
VID-20250924-WA0018_clip_027.mp4,panic_dense_crush,genuine_lowres_news,"CN news/doc: nighttime stampede aftermath, scattering + medical emergency",/Users/harinihegde/Downloads/crowd_panic/Panic/VID-20250924-WA0018_clip_027.mp4,outputs_improved/panic_subfolders/panic_dense_crush/VID-20250924-WA0018.png
VID-20250924-WA0018_clip_028.mp4,panic_dense_crush,genuine_lowres_news,"CN news/doc: nighttime stampede aftermath, scattering + medical emergency",/Users/harinihegde/Downloads/crowd_panic/Panic/VID-20250924-WA0018_clip_028.mp4,outputs_improved/panic_subfolders/panic_dense_crush/VID-20250924-WA0018.png
VID-20250924-WA0018_clip_029.mp4,panic_dense_crush,genuine_lowres_news,"CN news/doc: nighttime stampede aftermath, scattering + medical emergency",/Users/harinihegde/Downloads/crowd_panic/Panic/VID-20250924-WA0018_clip_029.mp4,outputs_improved/panic_subfolders/panic_dense_crush/VID-20250924-WA0018.png
VID-20250924-WA0018_clip_030.mp4,panic_dense_crush,genuine_lowres_news,"CN news/doc: nighttime stampede aftermath, scattering + medical emergency",/Users/harinihegde/Downloads/crowd_panic/Panic/VID-20250924-WA0018_clip_030.mp4,outputs_improved/panic_subfolders/panic_dense_crush/VID-20250924-WA0018.png
VID-20250924-WA0021_clip_008.mp4,panic_dense_crush,genuine_lowres_news,"Israel Ch12: Mount Meron crush (people falling, human jam)",/Users/harinihegde/Downloads/crowd_panic/Panic/VID-20250924-WA0021_clip_008.mp4,outputs_improved/panic_subfolders/panic_dense_crush/VID-20250924-WA0021.png
VID-20250924-WA0021_clip_009.mp4,panic_dense_crush,genuine_lowres_news,"Israel Ch12: Mount Meron crush (people falling, human jam)",/Users/harinihegde/Downloads/crowd_panic/Panic/VID-20250924-WA0021_clip_009.mp4,outputs_improved/panic_subfolders/panic_dense_crush/VID-20250924-WA0021.png
VID-20250924-WA0021_clip_011.mp4,panic_dense_crush,genuine_lowres_news,"Israel Ch12: Mount Meron crush (people falling, human jam)",/Users/harinihegde/Downloads/crowd_panic/Panic/VID-20250924-WA0021_clip_011.mp4,outputs_improved/panic_subfolders/panic_dense_crush/VID-20250924-WA0021.png
VID-20250924-WA0021_clip_012.mp4,panic_dense_crush,genuine_lowres_news,"Israel Ch12: Mount Meron crush (people falling, human jam)",/Users/harinihegde/Downloads/crowd_panic/Panic/VID-20250924-WA0021_clip_012.mp4,outputs_improved/panic_subfolders/panic_dense_crush/VID-20250924-WA0021.png
VID-20250924-WA0021_clip_013.mp4,panic_dense_crush,genuine_lowres_news,"Israel Ch12: Mount Meron crush (people falling, human jam)",/Users/harinihegde/Downloads/crowd_panic/Panic/VID-20250924-WA0021_clip_013.mp4,outputs_improved/panic_subfolders/panic_dense_crush/VID-20250924-WA0021.png
VID-20250924-WA0021_clip_014.mp4,panic_dense_crush,genuine_lowres_news,"Israel Ch12: Mount Meron crush (people falling, human jam)",/Users/harinihegde/Downloads/crowd_panic/Panic/VID-20250924-WA0021_clip_014.mp4,outputs_improved/panic_subfolders/panic_dense_crush/VID-20250924-WA0021.png
VID-20250924-WA0021_clip_015.mp4,panic_dense_crush,genuine_lowres_news,"Israel Ch12: Mount Meron crush (people falling, human jam)",/Users/harinihegde/Downloads/crowd_panic/Panic/VID-20250924-WA0021_clip_015.mp4,outputs_improved/panic_subfolders/panic_dense_crush/VID-20250924-WA0021.png
VID-20250924-WA0021_clip_021.mp4,panic_dense_crush,genuine_lowres_news,"Israel Ch12: Mount Meron crush (people falling, human jam)",/Users/harinihegde/Downloads/crowd_panic/Panic/VID-20250924-WA0021_clip_021.mp4,outputs_improved/panic_subfolders/panic_dense_crush/VID-20250924-WA0021.png
VID-20250924-WA0021_clip_022.mp4,panic_dense_crush,genuine_lowres_news,"Israel Ch12: Mount Meron crush (people falling, human jam)",/Users/harinihegde/Downloads/crowd_panic/Panic/VID-20250924-WA0021_clip_022.mp4,outputs_improved/panic_subfolders/panic_dense_crush/VID-20250924-WA0021.png
VID-20250924-WA0021_clip_023.mp4,panic_dense_crush,genuine_lowres_news,"Israel Ch12: Mount Meron crush (people falling, human jam)",/Users/harinihegde/Downloads/crowd_panic/Panic/VID-20250924-WA0021_clip_023.mp4,outputs_improved/panic_subfolders/panic_dense_crush/VID-20250924-WA0021.png
VID-20250924-WA0021_clip_024.mp4,panic_dense_crush,genuine_lowres_news,"Israel Ch12: Mount Meron crush (people falling, human jam)",/Users/harinihegde/Downloads/crowd_panic/Panic/VID-20250924-WA0021_clip_024.mp4,outputs_improved/panic_subfolders/panic_dense_crush/VID-20250924-WA0021.png
VID-20250924-WA0021_clip_026.mp4,panic_dense_crush,genuine_lowres_news,"Israel Ch12: Mount Meron crush (people falling, human jam)",/Users/harinihegde/Downloads/crowd_panic/Panic/VID-20250924-WA0021_clip_026.mp4,outputs_improved/panic_subfolders/panic_dense_crush/VID-20250924-WA0021.png
VID-20250924-WA0021_clip_027.mp4,panic_dense_crush,genuine_lowres_news,"Israel Ch12: Mount Meron crush (people falling, human jam)",/Users/harinihegde/Downloads/crowd_panic/Panic/VID-20250924-WA0021_clip_027.mp4,outputs_improved/panic_subfolders/panic_dense_crush/VID-20250924-WA0021.png
VID-20250924-WA0021_clip_033.mp4,panic_dense_crush,genuine_lowres_news,"Israel Ch12: Mount Meron crush (people falling, human jam)",/Users/harinihegde/Downloads/crowd_panic/Panic/VID-20250924-WA0021_clip_033.mp4,outputs_improved/panic_subfolders/panic_dense_crush/VID-20250924-WA0021.png
VID-20250924-WA0021_clip_036.mp4,panic_dense_crush,genuine_lowres_news,"Israel Ch12: Mount Meron crush (people falling, human jam)",/Users/harinihegde/Downloads/crowd_panic/Panic/VID-20250924-WA0021_clip_036.mp4,outputs_improved/panic_subfolders/panic_dense_crush/VID-20250924-WA0021.png
VID-20250924-WA0021_clip_037.mp4,panic_dense_crush,genuine_lowres_news,"Israel Ch12: Mount Meron crush (people falling, human jam)",/Users/harinihegde/Downloads/crowd_panic/Panic/VID-20250924-WA0021_clip_037.mp4,outputs_improved/panic_subfolders/panic_dense_crush/VID-20250924-WA0021.png
VID-20250924-WA0021_clip_038.mp4,panic_dense_crush,genuine_lowres_news,"Israel Ch12: Mount Meron crush (people falling, human jam)",/Users/harinihegde/Downloads/crowd_panic/Panic/VID-20250924-WA0021_clip_038.mp4,outputs_improved/panic_subfolders/panic_dense_crush/VID-20250924-WA0021.png
VID-20250924-WA0021_clip_039.mp4,panic_dense_crush,genuine_lowres_news,"Israel Ch12: Mount Meron crush (people falling, human jam)",/Users/harinihegde/Downloads/crowd_panic/Panic/VID-20250924-WA0021_clip_039.mp4,outputs_improved/panic_subfolders/panic_dense_crush/VID-20250924-WA0021.png
VID-20250924-WA0024_clip_001.mp4,panic_dense_crush,genuine_lowres_news,"AFP: ""dozens crushed to death, India holy river stampede""",/Users/harinihegde/Downloads/crowd_panic/Panic/VID-20250924-WA0024_clip_001.mp4,outputs_improved/panic_subfolders/panic_dense_crush/VID-20250924-WA0024.png
VID-20250924-WA0024_clip_003.mp4,panic_dense_crush,genuine_lowres_news,"AFP: ""dozens crushed to death, India holy river stampede""",/Users/harinihegde/Downloads/crowd_panic/Panic/VID-20250924-WA0024_clip_003.mp4,outputs_improved/panic_subfolders/panic_dense_crush/VID-20250924-WA0024.png
VID-20250924-WA0024_clip_004.mp4,panic_dense_crush,genuine_lowres_news,"AFP: ""dozens crushed to death, India holy river stampede""",/Users/harinihegde/Downloads/crowd_panic/Panic/VID-20250924-WA0024_clip_004.mp4,outputs_improved/panic_subfolders/panic_dense_crush/VID-20250924-WA0024.png
VID-20250924-WA0024_clip_005.mp4,panic_dense_crush,genuine_lowres_news,"AFP: ""dozens crushed to death, India holy river stampede""",/Users/harinihegde/Downloads/crowd_panic/Panic/VID-20250924-WA0024_clip_005.mp4,outputs_improved/panic_subfolders/panic_dense_crush/VID-20250924-WA0024.png
VID-20250924-WA0024_clip_006.mp4,panic_dense_crush,genuine_lowres_news,"AFP: ""dozens crushed to death, India holy river stampede""",/Users/harinihegde/Downloads/crowd_panic/Panic/VID-20250924-WA0024_clip_006.mp4,outputs_improved/panic_subfolders/panic_dense_crush/VID-20250924-WA0024.png
VID-20250924-WA0024_clip_007.mp4,panic_dense_crush,genuine_lowres_news,"AFP: ""dozens crushed to death, India holy river stampede""",/Users/harinihegde/Downloads/crowd_panic/Panic/VID-20250924-WA0024_clip_007.mp4,outputs_improved/panic_subfolders/panic_dense_crush/VID-20250924-WA0024.png
VID-20250924-WA0025_clip_005.mp4,panic_dense_crush,genuine_lowres_news,"ABP CCTV: Patna Gandhi Maidan stampede (33 dead), low-res",/Users/harinihegde/Downloads/crowd_panic/Panic/VID-20250924-WA0025_clip_005.mp4,outputs_improved/panic_subfolders/panic_dense_crush/VID-20250924-WA0025.png
VID-20250924-WA0025_clip_009.mp4,panic_dense_crush,genuine_lowres_news,"ABP CCTV: Patna Gandhi Maidan stampede (33 dead), low-res",/Users/harinihegde/Downloads/crowd_panic/Panic/VID-20250924-WA0025_clip_009.mp4,outputs_improved/panic_subfolders/panic_dense_crush/VID-20250924-WA0025.png
VID-20250924-WA0025_clip_010.mp4,panic_dense_crush,genuine_lowres_news,"ABP CCTV: Patna Gandhi Maidan stampede (33 dead), low-res",/Users/harinihegde/Downloads/crowd_panic/Panic/VID-20250924-WA0025_clip_010.mp4,outputs_improved/panic_subfolders/panic_dense_crush/VID-20250924-WA0025.png
VID-20250924-WA0025_clip_011.mp4,panic_dense_crush,genuine_lowres_news,"ABP CCTV: Patna Gandhi Maidan stampede (33 dead), low-res",/Users/harinihegde/Downloads/crowd_panic/Panic/VID-20250924-WA0025_clip_011.mp4,outputs_improved/panic_subfolders/panic_dense_crush/VID-20250924-WA0025.png
VID-20250924-WA0025_clip_012.mp4,panic_dense_crush,genuine_lowres_news,"ABP CCTV: Patna Gandhi Maidan stampede (33 dead), low-res",/Users/harinihegde/Downloads/crowd_panic/Panic/VID-20250924-WA0025_clip_012.mp4,outputs_improved/panic_subfolders/panic_dense_crush/VID-20250924-WA0025.png
VID-20250924-WA0025_clip_013.mp4,panic_dense_crush,genuine_lowres_news,"ABP CCTV: Patna Gandhi Maidan stampede (33 dead), low-res",/Users/harinihegde/Downloads/crowd_panic/Panic/VID-20250924-WA0025_clip_013.mp4,outputs_improved/panic_subfolders/panic_dense_crush/VID-20250924-WA0025.png
VID-20250924-WA0025_clip_014.mp4,panic_dense_crush,genuine_lowres_news,"ABP CCTV: Patna Gandhi Maidan stampede (33 dead), low-res",/Users/harinihegde/Downloads/crowd_panic/Panic/VID-20250924-WA0025_clip_014.mp4,outputs_improved/panic_subfolders/panic_dense_crush/VID-20250924-WA0025.png
VID-20250924-WA0025_clip_015.mp4,panic_dense_crush,genuine_lowres_news,"ABP CCTV: Patna Gandhi Maidan stampede (33 dead), low-res",/Users/harinihegde/Downloads/crowd_panic/Panic/VID-20250924-WA0025_clip_015.mp4,outputs_improved/panic_subfolders/panic_dense_crush/VID-20250924-WA0025.png
VID-20250924-WA0025_clip_016.mp4,panic_dense_crush,genuine_lowres_news,"ABP CCTV: Patna Gandhi Maidan stampede (33 dead), low-res",/Users/harinihegde/Downloads/crowd_panic/Panic/VID-20250924-WA0025_clip_016.mp4,outputs_improved/panic_subfolders/panic_dense_crush/VID-20250924-WA0025.png
VID-20250924-WA0025_clip_017.mp4,panic_dense_crush,genuine_lowres_news,"ABP CCTV: Patna Gandhi Maidan stampede (33 dead), low-res",/Users/harinihegde/Downloads/crowd_panic/Panic/VID-20250924-WA0025_clip_017.mp4,outputs_improved/panic_subfolders/panic_dense_crush/VID-20250924-WA0025.png
VID-20250924-WA0025_clip_020.mp4,panic_dense_crush,genuine_lowres_news,"ABP CCTV: Patna Gandhi Maidan stampede (33 dead), low-res",/Users/harinihegde/Downloads/crowd_panic/Panic/VID-20250924-WA0025_clip_020.mp4,outputs_improved/panic_subfolders/panic_dense_crush/VID-20250924-WA0025.png
VID-20250924-WA0025_clip_021.mp4,panic_dense_crush,genuine_lowres_news,"ABP CCTV: Patna Gandhi Maidan stampede (33 dead), low-res",/Users/harinihegde/Downloads/crowd_panic/Panic/VID-20250924-WA0025_clip_021.mp4,outputs_improved/panic_subfolders/panic_dense_crush/VID-20250924-WA0025.png
VID-20250924-WA0025_clip_022.mp4,panic_dense_crush,genuine_lowres_news,"ABP CCTV: Patna Gandhi Maidan stampede (33 dead), low-res",/Users/harinihegde/Downloads/crowd_panic/Panic/VID-20250924-WA0025_clip_022.mp4,outputs_improved/panic_subfolders/panic_dense_crush/VID-20250924-WA0025.png
VID-20250924-WA0025_clip_023.mp4,panic_dense_crush,genuine_lowres_news,"ABP CCTV: Patna Gandhi Maidan stampede (33 dead), low-res",/Users/harinihegde/Downloads/crowd_panic/Panic/VID-20250924-WA0025_clip_023.mp4,outputs_improved/panic_subfolders/panic_dense_crush/VID-20250924-WA0025.png
VID-20250924-WA0025_clip_027.mp4,panic_dense_crush,genuine_lowres_news,"ABP CCTV: Patna Gandhi Maidan stampede (33 dead), low-res",/Users/harinihegde/Downloads/crowd_panic/Panic/VID-20250924-WA0025_clip_027.mp4,outputs_improved/panic_subfolders/panic_dense_crush/VID-20250924-WA0025.png
VID-20250924-WA0025_clip_029.mp4,panic_dense_crush,genuine_lowres_news,"ABP CCTV: Patna Gandhi Maidan stampede (33 dead), low-res",/Users/harinihegde/Downloads/crowd_panic/Panic/VID-20250924-WA0025_clip_029.mp4,outputs_improved/panic_subfolders/panic_dense_crush/VID-20250924-WA0025.png
VID-20251025-WA0005_clip_002.mp4,panic_dense_crush,genuine_lowres_news,"NDTV: Karur (Vijay) rally stampede, overcrowding/chaos",/Users/harinihegde/Downloads/crowd_panic/Panic/VID-20251025-WA0005_clip_002.mp4,outputs_improved/panic_subfolders/panic_dense_crush/VID-20251025-WA0005.png
VID-20251025-WA0005_clip_003.mp4,panic_dense_crush,genuine_lowres_news,"NDTV: Karur (Vijay) rally stampede, overcrowding/chaos",/Users/harinihegde/Downloads/crowd_panic/Panic/VID-20251025-WA0005_clip_003.mp4,outputs_improved/panic_subfolders/panic_dense_crush/VID-20251025-WA0005.png
VID-20251025-WA0005_clip_004.mp4,panic_dense_crush,genuine_lowres_news,"NDTV: Karur (Vijay) rally stampede, overcrowding/chaos",/Users/harinihegde/Downloads/crowd_panic/Panic/VID-20251025-WA0005_clip_004.mp4,outputs_improved/panic_subfolders/panic_dense_crush/VID-20251025-WA0005.png
VID-20251025-WA0005_clip_005.mp4,panic_dense_crush,genuine_lowres_news,"NDTV: Karur (Vijay) rally stampede, overcrowding/chaos",/Users/harinihegde/Downloads/crowd_panic/Panic/VID-20251025-WA0005_clip_005.mp4,outputs_improved/panic_subfolders/panic_dense_crush/VID-20251025-WA0005.png
VID-20251025-WA0005_clip_006.mp4,panic_dense_crush,genuine_lowres_news,"NDTV: Karur (Vijay) rally stampede, overcrowding/chaos",/Users/harinihegde/Downloads/crowd_panic/Panic/VID-20251025-WA0005_clip_006.mp4,outputs_improved/panic_subfolders/panic_dense_crush/VID-20251025-WA0005.png
VID-20251025-WA0005_clip_007.mp4,panic_dense_crush,genuine_lowres_news,"NDTV: Karur (Vijay) rally stampede, overcrowding/chaos",/Users/harinihegde/Downloads/crowd_panic/Panic/VID-20251025-WA0005_clip_007.mp4,outputs_improved/panic_subfolders/panic_dense_crush/VID-20251025-WA0005.png
VID-20251025-WA0005_clip_008.mp4,panic_dense_crush,genuine_lowres_news,"NDTV: Karur (Vijay) rally stampede, overcrowding/chaos",/Users/harinihegde/Downloads/crowd_panic/Panic/VID-20251025-WA0005_clip_008.mp4,outputs_improved/panic_subfolders/panic_dense_crush/VID-20251025-WA0005.png
VID-20251025-WA0005_clip_009.mp4,panic_dense_crush,genuine_lowres_news,"NDTV: Karur (Vijay) rally stampede, overcrowding/chaos",/Users/harinihegde/Downloads/crowd_panic/Panic/VID-20251025-WA0005_clip_009.mp4,outputs_improved/panic_subfolders/panic_dense_crush/VID-20251025-WA0005.png
VID-20251025-WA0005_clip_010.mp4,panic_dense_crush,genuine_lowres_news,"NDTV: Karur (Vijay) rally stampede, overcrowding/chaos",/Users/harinihegde/Downloads/crowd_panic/Panic/VID-20251025-WA0005_clip_010.mp4,outputs_improved/panic_subfolders/panic_dense_crush/VID-20251025-WA0005.png
VID-20251025-WA0005_clip_011.mp4,panic_dense_crush,genuine_lowres_news,"NDTV: Karur (Vijay) rally stampede, overcrowding/chaos",/Users/harinihegde/Downloads/crowd_panic/Panic/VID-20251025-WA0005_clip_011.mp4,outputs_improved/panic_subfolders/panic_dense_crush/VID-20251025-WA0005.png
VID-20251025-WA0005_clip_012.mp4,panic_dense_crush,genuine_lowres_news,"NDTV: Karur (Vijay) rally stampede, overcrowding/chaos",/Users/harinihegde/Downloads/crowd_panic/Panic/VID-20251025-WA0005_clip_012.mp4,outputs_improved/panic_subfolders/panic_dense_crush/VID-20251025-WA0005.png
VID-20251025-WA0005_clip_013.mp4,panic_dense_crush,genuine_lowres_news,"NDTV: Karur (Vijay) rally stampede, overcrowding/chaos",/Users/harinihegde/Downloads/crowd_panic/Panic/VID-20251025-WA0005_clip_013.mp4,outputs_improved/panic_subfolders/panic_dense_crush/VID-20251025-WA0005.png
VID-20251025-WA0005_clip_014.mp4,panic_dense_crush,genuine_lowres_news,"NDTV: Karur (Vijay) rally stampede, overcrowding/chaos",/Users/harinihegde/Downloads/crowd_panic/Panic/VID-20251025-WA0005_clip_014.mp4,outputs_improved/panic_subfolders/panic_dense_crush/VID-20251025-WA0005.png
VID-20251025-WA0005_clip_015.mp4,panic_dense_crush,genuine_lowres_news,"NDTV: Karur (Vijay) rally stampede, overcrowding/chaos",/Users/harinihegde/Downloads/crowd_panic/Panic/VID-20251025-WA0005_clip_015.mp4,outputs_improved/panic_subfolders/panic_dense_crush/VID-20251025-WA0005.png
VID-20251025-WA0005_clip_016.mp4,panic_dense_crush,genuine_lowres_news,"NDTV: Karur (Vijay) rally stampede, overcrowding/chaos",/Users/harinihegde/Downloads/crowd_panic/Panic/VID-20251025-WA0005_clip_016.mp4,outputs_improved/panic_subfolders/panic_dense_crush/VID-20251025-WA0005.png
VID-20251025-WA0005_clip_017.mp4,panic_dense_crush,genuine_lowres_news,"NDTV: Karur (Vijay) rally stampede, overcrowding/chaos",/Users/harinihegde/Downloads/crowd_panic/Panic/VID-20251025-WA0005_clip_017.mp4,outputs_improved/panic_subfolders/panic_dense_crush/VID-20251025-WA0005.png
VID-20251025-WA0005_clip_018.mp4,panic_dense_crush,genuine_lowres_news,"NDTV: Karur (Vijay) rally stampede, overcrowding/chaos",/Users/harinihegde/Downloads/crowd_panic/Panic/VID-20251025-WA0005_clip_018.mp4,outputs_improved/panic_subfolders/panic_dense_crush/VID-20251025-WA0005.png
VID-20251025-WA0005_clip_019.mp4,panic_dense_crush,genuine_lowres_news,"NDTV: Karur (Vijay) rally stampede, overcrowding/chaos",/Users/harinihegde/Downloads/crowd_panic/Panic/VID-20251025-WA0005_clip_019.mp4,outputs_improved/panic_subfolders/panic_dense_crush/VID-20251025-WA0005.png
VID-20251025-WA0005_clip_020.mp4,panic_dense_crush,genuine_lowres_news,"NDTV: Karur (Vijay) rally stampede, overcrowding/chaos",/Users/harinihegde/Downloads/crowd_panic/Panic/VID-20251025-WA0005_clip_020.mp4,outputs_improved/panic_subfolders/panic_dense_crush/VID-20251025-WA0005.png
VID-20251025-WA0005_clip_021.mp4,panic_dense_crush,genuine_lowres_news,"NDTV: Karur (Vijay) rally stampede, overcrowding/chaos",/Users/harinihegde/Downloads/crowd_panic/Panic/VID-20251025-WA0005_clip_021.mp4,outputs_improved/panic_subfolders/panic_dense_crush/VID-20251025-WA0005.png
VID-20251025-WA0005_clip_022.mp4,panic_dense_crush,genuine_lowres_news,"NDTV: Karur (Vijay) rally stampede, overcrowding/chaos",/Users/harinihegde/Downloads/crowd_panic/Panic/VID-20251025-WA0005_clip_022.mp4,outputs_improved/panic_subfolders/panic_dense_crush/VID-20251025-WA0005.png
VID-20251025-WA0005_clip_023.mp4,panic_dense_crush,genuine_lowres_news,"NDTV: Karur (Vijay) rally stampede, overcrowding/chaos",/Users/harinihegde/Downloads/crowd_panic/Panic/VID-20251025-WA0005_clip_023.mp4,outputs_improved/panic_subfolders/panic_dense_crush/VID-20251025-WA0005.png
VID-20251025-WA0005_clip_024.mp4,panic_dense_crush,genuine_lowres_news,"NDTV: Karur (Vijay) rally stampede, overcrowding/chaos",/Users/harinihegde/Downloads/crowd_panic/Panic/VID-20251025-WA0005_clip_024.mp4,outputs_improved/panic_subfolders/panic_dense_crush/VID-20251025-WA0005.png
VID-20251025-WA0005_clip_025.mp4,panic_dense_crush,genuine_lowres_news,"NDTV: Karur (Vijay) rally stampede, overcrowding/chaos",/Users/harinihegde/Downloads/crowd_panic/Panic/VID-20251025-WA0005_clip_025.mp4,outputs_improved/panic_subfolders/panic_dense_crush/VID-20251025-WA0005.png
VID-20251025-WA0005_clip_026.mp4,panic_dense_crush,genuine_lowres_news,"NDTV: Karur (Vijay) rally stampede, overcrowding/chaos",/Users/harinihegde/Downloads/crowd_panic/Panic/VID-20251025-WA0005_clip_026.mp4,outputs_improved/panic_subfolders/panic_dense_crush/VID-20251025-WA0005.png
VID-20251025-WA0005_clip_027.mp4,panic_dense_crush,genuine_lowres_news,"NDTV: Karur (Vijay) rally stampede, overcrowding/chaos",/Users/harinihegde/Downloads/crowd_panic/Panic/VID-20251025-WA0005_clip_027.mp4,outputs_improved/panic_subfolders/panic_dense_crush/VID-20251025-WA0005.png
VID-20251025-WA0005_clip_028.mp4,panic_dense_crush,genuine_lowres_news,"NDTV: Karur (Vijay) rally stampede, overcrowding/chaos",/Users/harinihegde/Downloads/crowd_panic/Panic/VID-20251025-WA0005_clip_028.mp4,outputs_improved/panic_subfolders/panic_dense_crush/VID-20251025-WA0005.png
VID-20251025-WA0005_clip_029.mp4,panic_dense_crush,genuine_lowres_news,"NDTV: Karur (Vijay) rally stampede, overcrowding/chaos",/Users/harinihegde/Downloads/crowd_panic/Panic/VID-20251025-WA0005_clip_029.mp4,outputs_improved/panic_subfolders/panic_dense_crush/VID-20251025-WA0005.png
VID-20251025-WA0005_clip_030.mp4,panic_dense_crush,genuine_lowres_news,"NDTV: Karur (Vijay) rally stampede, overcrowding/chaos",/Users/harinihegde/Downloads/crowd_panic/Panic/VID-20251025-WA0005_clip_030.mp4,outputs_improved/panic_subfolders/panic_dense_crush/VID-20251025-WA0005.png
VID-20251025-WA0005_clip_031.mp4,panic_dense_crush,genuine_lowres_news,"NDTV: Karur (Vijay) rally stampede, overcrowding/chaos",/Users/harinihegde/Downloads/crowd_panic/Panic/VID-20251025-WA0005_clip_031.mp4,outputs_improved/panic_subfolders/panic_dense_crush/VID-20251025-WA0005.png
VID-20251025-WA0005_clip_032.mp4,panic_dense_crush,genuine_lowres_news,"NDTV: Karur (Vijay) rally stampede, overcrowding/chaos",/Users/harinihegde/Downloads/crowd_panic/Panic/VID-20251025-WA0005_clip_032.mp4,outputs_improved/panic_subfolders/panic_dense_crush/VID-20251025-WA0005.png
VID-20251025-WA0005_clip_033.mp4,panic_dense_crush,genuine_lowres_news,"NDTV: Karur (Vijay) rally stampede, overcrowding/chaos",/Users/harinihegde/Downloads/crowd_panic/Panic/VID-20251025-WA0005_clip_033.mp4,outputs_improved/panic_subfolders/panic_dense_crush/VID-20251025-WA0005.png
VID-20251025-WA0005_clip_034.mp4,panic_dense_crush,genuine_lowres_news,"NDTV: Karur (Vijay) rally stampede, overcrowding/chaos",/Users/harinihegde/Downloads/crowd_panic/Panic/VID-20251025-WA0005_clip_034.mp4,outputs_improved/panic_subfolders/panic_dense_crush/VID-20251025-WA0005.png
VID-20251025-WA0005_clip_035.mp4,panic_dense_crush,genuine_lowres_news,"NDTV: Karur (Vijay) rally stampede, overcrowding/chaos",/Users/harinihegde/Downloads/crowd_panic/Panic/VID-20251025-WA0005_clip_035.mp4,outputs_improved/panic_subfolders/panic_dense_crush/VID-20251025-WA0005.png
VID-20251025-WA0005_clip_036.mp4,panic_dense_crush,genuine_lowres_news,"NDTV: Karur (Vijay) rally stampede, overcrowding/chaos",/Users/harinihegde/Downloads/crowd_panic/Panic/VID-20251025-WA0005_clip_036.mp4,outputs_improved/panic_subfolders/panic_dense_crush/VID-20251025-WA0005.png
VID-20251025-WA0005_clip_037.mp4,panic_dense_crush,genuine_lowres_news,"NDTV: Karur (Vijay) rally stampede, overcrowding/chaos",/Users/harinihegde/Downloads/crowd_panic/Panic/VID-20251025-WA0005_clip_037.mp4,outputs_improved/panic_subfolders/panic_dense_crush/VID-20251025-WA0005.png
VID-20251025-WA0005_clip_038.mp4,panic_dense_crush,genuine_lowres_news,"NDTV: Karur (Vijay) rally stampede, overcrowding/chaos",/Users/harinihegde/Downloads/crowd_panic/Panic/VID-20251025-WA0005_clip_038.mp4,outputs_improved/panic_subfolders/panic_dense_crush/VID-20251025-WA0005.png
VID-20251025-WA0005_clip_039.mp4,panic_dense_crush,genuine_lowres_news,"NDTV: Karur (Vijay) rally stampede, overcrowding/chaos",/Users/harinihegde/Downloads/crowd_panic/Panic/VID-20251025-WA0005_clip_039.mp4,outputs_improved/panic_subfolders/panic_dense_crush/VID-20251025-WA0005.png
VID-20251025-WA0005_clip_040.mp4,panic_dense_crush,genuine_lowres_news,"NDTV: Karur (Vijay) rally stampede, overcrowding/chaos",/Users/harinihegde/Downloads/crowd_panic/Panic/VID-20251025-WA0005_clip_040.mp4,outputs_improved/panic_subfolders/panic_dense_crush/VID-20251025-WA0005.png
VID-20251025-WA0005_clip_041.mp4,panic_dense_crush,genuine_lowres_news,"NDTV: Karur (Vijay) rally stampede, overcrowding/chaos",/Users/harinihegde/Downloads/crowd_panic/Panic/VID-20251025-WA0005_clip_041.mp4,outputs_improved/panic_subfolders/panic_dense_crush/VID-20251025-WA0005.png
VID-20251025-WA0005_clip_042.mp4,panic_dense_crush,genuine_lowres_news,"NDTV: Karur (Vijay) rally stampede, overcrowding/chaos",/Users/harinihegde/Downloads/crowd_panic/Panic/VID-20251025-WA0005_clip_042.mp4,outputs_improved/panic_subfolders/panic_dense_crush/VID-20251025-WA0005.png
VID-20251025-WA0005_clip_043.mp4,panic_dense_crush,genuine_lowres_news,"NDTV: Karur (Vijay) rally stampede, overcrowding/chaos",/Users/harinihegde/Downloads/crowd_panic/Panic/VID-20251025-WA0005_clip_043.mp4,outputs_improved/panic_subfolders/panic_dense_crush/VID-20251025-WA0005.png
VID-20251025-WA0005_clip_044.mp4,panic_dense_crush,genuine_lowres_news,"NDTV: Karur (Vijay) rally stampede, overcrowding/chaos",/Users/harinihegde/Downloads/crowd_panic/Panic/VID-20251025-WA0005_clip_044.mp4,outputs_improved/panic_subfolders/panic_dense_crush/VID-20251025-WA0005.png
VID-20251025-WA0005_clip_045.mp4,panic_dense_crush,genuine_lowres_news,"NDTV: Karur (Vijay) rally stampede, overcrowding/chaos",/Users/harinihegde/Downloads/crowd_panic/Panic/VID-20251025-WA0005_clip_045.mp4,outputs_improved/panic_subfolders/panic_dense_crush/VID-20251025-WA0005.png
VID-20251025-WA0005_clip_046.mp4,panic_dense_crush,genuine_lowres_news,"NDTV: Karur (Vijay) rally stampede, overcrowding/chaos",/Users/harinihegde/Downloads/crowd_panic/Panic/VID-20251025-WA0005_clip_046.mp4,outputs_improved/panic_subfolders/panic_dense_crush/VID-20251025-WA0005.png
VID-20251025-WA0005_clip_047.mp4,panic_dense_crush,genuine_lowres_news,"NDTV: Karur (Vijay) rally stampede, overcrowding/chaos",/Users/harinihegde/Downloads/crowd_panic/Panic/VID-20251025-WA0005_clip_047.mp4,outputs_improved/panic_subfolders/panic_dense_crush/VID-20251025-WA0005.png
VID-20251025-WA0005_clip_048.mp4,panic_dense_crush,genuine_lowres_news,"NDTV: Karur (Vijay) rally stampede, overcrowding/chaos",/Users/harinihegde/Downloads/crowd_panic/Panic/VID-20251025-WA0005_clip_048.mp4,outputs_improved/panic_subfolders/panic_dense_crush/VID-20251025-WA0005.png
VID-20251025-WA0005_clip_049.mp4,panic_dense_crush,genuine_lowres_news,"NDTV: Karur (Vijay) rally stampede, overcrowding/chaos",/Users/harinihegde/Downloads/crowd_panic/Panic/VID-20251025-WA0005_clip_049.mp4,outputs_improved/panic_subfolders/panic_dense_crush/VID-20251025-WA0005.png
VID-20251025-WA0005_clip_050.mp4,panic_dense_crush,genuine_lowres_news,"NDTV: Karur (Vijay) rally stampede, overcrowding/chaos",/Users/harinihegde/Downloads/crowd_panic/Panic/VID-20251025-WA0005_clip_050.mp4,outputs_improved/panic_subfolders/panic_dense_crush/VID-20251025-WA0005.png
VID-20250924-WA0025_clip_006.mp4,panic_static_wide_undercounted,genuine_lowres_news,"Patna Gandhi Maidan CCTV: genuine dense stampede, YOLO undercounts (low-res/distant)",/Users/harinihegde/Downloads/crowd_panic/Panic/VID-20250924-WA0025_clip_006.mp4,outputs_improved/panic_subfolders/panic_static_wide_undercounted/VID-20250924-WA0025.png
VID-20250924-WA0025_clip_018.mp4,panic_static_wide_undercounted,genuine_lowres_news,"Patna Gandhi Maidan CCTV: genuine dense stampede, YOLO undercounts (low-res/distant)",/Users/harinihegde/Downloads/crowd_panic/Panic/VID-20250924-WA0025_clip_018.mp4,outputs_improved/panic_subfolders/panic_static_wide_undercounted/VID-20250924-WA0025.png
VID-20250924-WA0025_clip_019.mp4,panic_static_wide_undercounted,genuine_lowres_news,"Patna Gandhi Maidan CCTV: genuine dense stampede, YOLO undercounts (low-res/distant)",/Users/harinihegde/Downloads/crowd_panic/Panic/VID-20250924-WA0025_clip_019.mp4,outputs_improved/panic_subfolders/panic_static_wide_undercounted/VID-20250924-WA0025.png
VID-20250924-WA0025_clip_024.mp4,panic_static_wide_undercounted,genuine_lowres_news,"Patna Gandhi Maidan CCTV: genuine dense stampede, YOLO undercounts (low-res/distant)",/Users/harinihegde/Downloads/crowd_panic/Panic/VID-20250924-WA0025_clip_024.mp4,outputs_improved/panic_subfolders/panic_static_wide_undercounted/VID-20250924-WA0025.png
VID-20250924-WA0025_clip_025.mp4,panic_static_wide_undercounted,genuine_lowres_news,"Patna Gandhi Maidan CCTV: genuine dense stampede, YOLO undercounts (low-res/distant)",/Users/harinihegde/Downloads/crowd_panic/Panic/VID-20250924-WA0025_clip_025.mp4,outputs_improved/panic_subfolders/panic_static_wide_undercounted/VID-20250924-WA0025.png
VID-20250924-WA0025_clip_026.mp4,panic_static_wide_undercounted,genuine_lowres_news,"Patna Gandhi Maidan CCTV: genuine dense stampede, YOLO undercounts (low-res/distant)",/Users/harinihegde/Downloads/crowd_panic/Panic/VID-20250924-WA0025_clip_026.mp4,outputs_improved/panic_subfolders/panic_static_wide_undercounted/VID-20250924-WA0025.png
